district,state,cluster,Youth Population %,Sex Ratio (Total),Sex Ratio (Birth),Adolescent Fertility %,Child Marriage %,Women Literacy %,Women 10+ Yrs School %,Modern FP Use %,Unmet FP Need %,ANC 1st Trimester %,ANC 4+ Visits %,Institutional Births %,Full Vaccination %,Stunting %,Underweight Children %,Women Anaemia %,Improved Sanitation %,Clean Fuel %,Health Insurance %,cluster_label,transition_stage,dividend_potential
Nicobars,Andaman & Nicobar Islands,3,22.98,973.31,927.41,1.77,11.36,87.54,53.53,57.24,9.53,62.77,71.65,97.81,-64.21,21.59,24.6,38.3,83.45,56.93,2.65,,mid,emerging
South Andaman,Andaman & Nicobar Islands,3,20.95,967.48,934.92,2.81,17.06,86.67,57.5,50.5,17.6,79.4,85.94,99.46,-76.29,21.11,17.43,57.66,89.33,91.92,1.15,,mid,emerging
Srikakulam,Andhra Pradesh,3,20.71,1139.51,1162.58,5.46,25.4,64.32,42.51,72.18,5.69,79.69,78.41,97.94,-82.79,19.66,21.44,62.59,71.58,74.7,75.63,,mid,emerging
Vizianagaram,Andhra Pradesh,2,20.56,1114.35,898.03,12.74,33.72,58.32,37.63,71.18,6.68,76.08,71.35,99.01,-76.75,36.4,32.21,64.04,61.74,60.3,76.69,,mid,emerging
Visakhapatnam,Andhra Pradesh,2,21.35,1066.43,974.03,9.5,25.41,69.54,45.98,67.68,4.79,79.44,58.59,95.25,-76.49,30.96,33.53,58.02,77.77,72.87,64.92,,mid,emerging
East Godavari,Andhra Pradesh,3,20.45,995.49,881.88,6.22,25.99,77.87,43.21,66.34,7.96,76.33,50.95,96.63,-58.95,23.11,22.35,62.96,77.73,80.34,66.36,,mid,emerging
West Godavari,Andhra Pradesh,3,21.48,998.55,832.54,13.35,22.09,76.97,46.47,77.24,2.95,82.21,62.73,98.7,-80.04,31.44,22.45,63.04,80.78,86.83,67.57,,mid,emerging
Krishna,Andhra Pradesh,3,20.44,1063.63,1139.25,9.6,25.32,76.85,46.17,78.1,2.49,81.49,73.3,98.93,-89.96,29.84,21.13,60.32,79.14,89.82,68.08,,mid,emerging
Guntur,Andhra Pradesh,2,22.41,1055.16,941.42,20.7,35.37,68.48,32.61,73.17,3.23,89.41,62.47,98.61,-76.17,23.82,26.88,59.51,83.44,91.65,71.08,,mid,emerging
Prakasam,Andhra Pradesh,2,23.08,1010.57,837.05,16.42,37.28,62.83,34.54,68.72,4.8,84.74,73.4,97.4,-51.93,22.56,24.65,60.43,78.43,90.78,67.58,,mid,emerging
Sri Potti Sriramulu Nello,Andhra Pradesh,2,20.8,1048.5,1010.6,14.87,23.84,70.46,38.67,71.74,3.11,88.95,72.95,97.0,65.27,29.22,27.84,59.39,81.75,84.56,72.27,,mid,emerging
Y.S.R.,Andhra Pradesh,2,24.1,1058.05,779.03,10.86,25.56,63.76,39.95,68.38,5.52,84.39,82.75,99.43,82.99,34.43,26.7,56.13,85.35,94.25,73.34,,mid,emerging
Kurnool,Andhra Pradesh,2,25.91,1044.64,917.86,12.37,36.94,56.97,33.38,70.03,2.11,78.55,74.25,88.52,67.04,50.53,46.28,58.58,73.48,78.08,73.32,,mid,emerging
Anantapur,Andhra Pradesh,2,24.26,1047.36,881.3,13.6,37.29,63.55,31.25,67.58,6.35,80.34,66.61,94.7,-81.78,35.96,40.59,50.45,71.25,86.42,73.24,,mid,emerging
Chittoor,Andhra Pradesh,2,22.59,1024.32,1019.3,19.73,28.06,69.32,40.33,68.87,6.0,80.25,65.28,97.1,-66.55,27.06,27.91,51.8,74.62,86.63,70.66,,mid,emerging
Tawang,Arunachal Pradesh,0,27.33,1062.73,833.74,1.41,11.92,59.08,39.24,56.33,14.63,79.88,37.61,84.18,67.53,30.37,9.04,59.07,81.7,88.1,33.5,,mid,emerging
West Kameng,Arunachal Pradesh,0,21.68,970.52,766.48,1.37,12.46,73.69,43.58,47.81,17.03,45.13,27.59,93.57,-56.19,24.23,13.44,37.36,88.88,88.93,38.29,,mid,emerging
East Kameng,Arunachal Pradesh,0,31.23,985.38,995.41,8.05,26.51,62.16,31.84,57.44,9.74,41.66,29.12,75.96,60.83,35.67,14.24,26.21,75.55,49.47,25.05,,mid,emerging
Papum Pare,Arunachal Pradesh,0,30.51,1039.37,1065.42,5.95,25.43,78.22,50.46,41.03,20.31,38.39,39.28,87.99,60.72,29.72,15.62,38.44,75.7,81.3,26.94,,mid,emerging
Upper Subansiri,Arunachal Pradesh,0,27.31,1052.16,1134.79,13.19,26.66,64.31,31.8,48.44,17.31,34.64,32.11,76.95,68.45,36.79,19.18,36.69,80.93,32.77,21.49,,mid,emerging
Upper Siang,Arunachal Pradesh,0,25.8,894.05,983.18,7.06,17.05,74.37,34.75,54.03,11.94,54.51,34.01,75.98,-61.42,30.37,12.0,29.17,91.75,36.32,34.6,,mid,emerging
Changlang,Arunachal Pradesh,0,28.7,963.33,1019.25,9.03,16.75,77.6,30.51,46.34,6.73,65.0,46.94,75.05,70.93,26.3,25.03,57.21,82.3,34.08,40.54,,mid,emerging
Lower Subansiri,Arunachal Pradesh,0,22.0,1015.7,1369.73,2.01,16.01,76.8,49.91,58.0,8.52,53.37,39.08,89.77,-66.45,30.69,8.06,40.46,82.8,60.81,24.45,,mid,emerging
Dibang Valley,Arunachal Pradesh,3,22.06,982.93,1054.47,0.67,20.71,77.83,43.17,49.74,4.63,60.67,40.38,85.52,-90.71,16.88,15.95,62.87,94.99,49.26,28.69,,mid,emerging
Lower Dibang Valley,Arunachal Pradesh,0,24.52,1009.65,884.08,1.55,13.79,81.56,51.89,56.4,4.85,56.34,48.62,90.12,73.8,14.26,9.65,34.6,89.88,57.38,36.79,,mid,emerging
Anjaw,Arunachal Pradesh,0,23.18,939.24,957.37,5.06,21.8,67.89,28.81,50.9,6.79,52.0,32.32,77.95,-92.99,23.56,16.01,35.86,86.82,29.01,17.47,,mid,emerging
East Siang,Arunachal Pradesh,0,23.09,1058.6,1161.58,4.59,14.91,83.76,55.56,35.85,17.56,39.87,34.26,90.84,-48.81,24.62,10.27,35.2,83.89,52.44,30.5,,mid,emerging
Kra Daadi,Arunachal Pradesh,0,33.52,976.12,867.02,12.86,24.84,55.3,27.4,39.88,16.51,62.45,18.27,73.54,-63.58,28.8,14.54,22.6,89.26,78.33,23.97,,mid,emerging
Kurung Kumey,Arunachal Pradesh,0,30.96,997.3,868.54,7.65,19.8,76.45,34.66,47.89,16.37,45.24,44.11,69.16,-71.41,29.2,13.85,34.79,78.33,57.28,13.43,,mid,emerging
Lohit,Arunachal Pradesh,0,27.67,1001.05,838.76,5.4,20.0,73.43,37.25,43.47,14.57,66.87,39.61,90.24,-74.04,24.46,12.91,47.21,83.66,63.88,31.88,,mid,emerging
Longding,Arunachal Pradesh,0,29.92,926.46,961.12,2.2,7.88,71.91,27.7,49.0,7.29,65.8,39.58,64.51,52.68,15.75,13.77,34.12,83.45,22.41,23.81,,mid,emerging
Namsai,Arunachal Pradesh,0,30.3,982.16,867.32,11.3,26.71,67.14,22.19,48.08,8.71,61.6,35.37,63.6,67.17,28.73,17.7,58.56,75.11,28.7,30.86,,mid,emerging
Siang,Arunachal Pradesh,0,21.84,967.97,1010.88,0.46,9.95,87.36,50.58,61.04,4.99,50.83,31.13,81.1,-60.25,21.29,8.82,23.94,91.2,27.6,26.11,,mid,emerging
Tirap,Arunachal Pradesh,0,26.83,963.97,865.11,4.04,12.04,75.09,40.2,39.4,10.64,59.3,35.68,70.24,66.33,38.62,16.03,31.99,86.67,50.42,30.84,,mid,emerging
West Siang,Arunachal Pradesh,0,23.69,1018.03,1060.28,4.71,18.89,77.92,46.29,38.93,15.5,49.51,30.42,84.57,-55.4,24.49,16.23,30.54,87.74,57.13,26.56,,mid,emerging
Kokrajhar,Assam,2,29.49,1024.62,1003.13,11.29,36.21,73.73,27.54,57.95,10.01,67.02,36.93,81.91,51.06,34.62,35.15,59.45,72.2,43.32,50.18,,mid,emerging
Goalpara,Assam,2,29.98,1006.91,1026.88,13.34,41.77,74.06,23.38,55.09,7.43,65.25,44.06,92.34,70.32,38.92,35.4,64.88,75.31,36.26,71.13,,mid,emerging
Barpeta,Assam,1,30.05,1026.78,1007.49,14.16,40.09,74.79,31.66,47.36,12.26,62.15,43.59,87.6,54.62,29.78,26.22,64.83,63.65,38.66,58.9,,mid,low
Morigaon,Assam,1,32.11,1054.51,1069.58,11.56,39.09,78.68,24.45,56.7,6.51,64.0,41.95,88.3,73.39,43.23,30.46,64.24,62.34,37.56,62.52,,mid,low
Lakhimpur,Assam,2,28.09,982.98,984.87,8.19,36.33,83.86,42.11,43.59,9.81,61.02,51.67,96.16,69.04,38.5,34.36,65.42,74.22,36.07,66.97,,mid,emerging
Dhemaji,Assam,2,30.64,1027.58,1022.24,10.81,32.04,81.47,43.64,45.02,7.11,76.16,62.16,87.25,89.71,37.18,25.67,62.88,70.75,21.57,66.83,,mid,emerging
Tinsukia,Assam,2,25.37,1022.82,884.46,6.1,19.82,70.51,25.64,36.48,11.02,70.7,63.14,82.63,-75.03,32.82,32.15,72.84,66.65,40.87,60.02,,mid,emerging
Dibrugarh,Assam,2,24.03,1002.19,979.12,4.81,23.02,76.58,33.65,43.62,8.73,75.78,75.64,93.09,-83.84,27.33,31.96,70.79,75.28,44.74,58.82,,mid,emerging
Golaghat,Assam,2,24.3,1001.77,1145.17,9.5,20.74,75.12,27.86,35.66,10.9,76.11,65.74,90.36,-72.4,26.28,25.5,77.15,73.14,33.12,69.34,,mid,emerging
Dima Hasao,Assam,0,27.7,959.26,908.29,5.41,16.49,87.71,42.36,44.91,9.72,58.93,46.88,89.54,-63.61,30.59,21.69,60.49,83.79,48.18,61.87,,mid,emerging
Cachar,Assam,1,30.89,1012.38,991.36,8.47,29.86,77.18,25.83,38.15,15.64,51.99,32.69,79.2,70.37,28.67,38.21,57.36,57.64,42.96,57.87,,mid,low
Karimganj,Assam,1,32.25,999.79,884.74,9.91,27.67,80.66,19.58,54.86,8.6,54.84,42.78,76.35,75.05,29.09,52.88,52.01,61.45,39.61,64.44,,mid,low
Hailakandi,Assam,1,33.68,1054.08,950.71,10.36,32.94,82.19,25.31,49.47,8.6,77.55,43.13,83.03,68.62,42.86,42.44,61.36,60.0,35.23,53.63,,mid,low
Bongaigaon,Assam,1,28.93,998.48,881.29,15.37,41.66,75.76,28.6,45.34,16.07,65.12,33.91,84.53,67.93,46.2,35.32,70.63,72.48,49.84,57.6,,mid,low
Chirang,Assam,1,27.97,1014.51,905.78,13.73,30.85,71.47,23.03,55.57,9.81,55.92,56.53,83.65,71.06,42.7,39.69,65.19,77.08,44.45,61.49,,mid,low
Kamrup,Assam,0,25.57,996.72,701.36,15.72,21.94,79.6,39.19,32.26,17.64,56.99,46.86,85.03,63.59,22.64,19.69,71.46,68.74,57.41,47.04,,mid,emerging
Kamrup Metropolitan,Assam,3,19.96,946.3,985.61,10.06,21.86,86.01,49.05,41.45,8.78,77.59,68.86,89.11,-53.57,25.36,25.0,74.61,65.18,85.06,45.5,,mid,emerging
Nalbari,Assam,2,24.48,1042.72,993.71,8.63,28.11,83.88,41.62,38.68,13.21,70.66,55.9,91.82,-65.52,27.49,26.69,66.37,68.12,51.07,52.52,,mid,emerging
Baksa,Assam,2,26.54,1056.88,1097.06,12.26,24.9,74.8,27.78,47.34,12.51,61.05,56.01,89.88,70.46,41.17,33.98,73.56,68.94,35.18,68.99,,mid,emerging
Darrang,Assam,1,29.24,928.99,756.89,16.05,42.76,75.55,27.51,36.47,14.79,56.48,37.48,84.41,57.12,42.04,33.05,70.39,67.85,30.11,53.65,,mid,low
Udalguri,Assam,1,27.2,1086.83,1255.21,4.65,32.03,70.02,23.82,36.2,14.6,50.1,49.81,86.15,-38.25,33.78,32.54,81.49,73.82,34.02,70.57,,mid,low
Biswanath,Assam,1,28.68,996.03,1013.76,8.99,25.26,69.15,23.01,56.13,5.25,41.21,46.49,84.25,66.2,42.72,40.99,64.36,76.62,34.98,68.35,,mid,low
Charaideo,Assam,2,25.8,1027.15,1040.11,3.83,22.59,71.93,26.16,43.91,8.26,74.05,64.53,88.21,-73.97,38.95,34.75,72.27,75.93,27.3,64.9,,mid,emerging
Dhubri,Assam,1,32.27,999.53,913.51,22.39,50.78,69.52,20.43,53.23,11.46,49.9,37.56,64.17,71.64,48.51,37.76,63.23,61.81,40.72,59.38,,mid,low
Hojai,Assam,1,27.48,985.64,1017.49,15.64,30.91,83.24,23.06,48.19,13.19,52.67,51.34,82.05,55.45,39.27,28.35,56.34,63.14,52.03,67.44,,mid,low
Jorhat,Assam,2,21.58,1008.55,832.77,12.94,24.91,85.09,42.94,32.33,10.37,78.32,66.95,96.49,69.16,38.68,33.17,71.83,80.36,48.31,60.05,,mid,emerging
Karbi Anglong,Assam,2,29.92,993.98,882.18,9.09,26.13,78.78,30.26,41.06,9.31,64.78,63.93,74.87,64.32,31.61,28.24,58.97,75.16,33.39,54.09,,mid,emerging
Majuli,Assam,2,26.22,995.39,753.99,10.36,25.46,83.36,41.71,31.31,11.59,76.08,72.24,90.29,78.62,35.44,22.21,67.81,65.62,19.33,60.82,,mid,emerging
Nagaon,Assam,1,31.06,1050.35,969.26,14.96,42.57,78.44,22.13,46.77,12.31,73.09,59.44,83.67,58.23,38.89,32.36,61.03,66.09,38.57,59.39,,mid,low
Sivasagar,Assam,3,23.84,988.58,914.92,12.76,27.87,86.64,47.06,39.5,8.26,85.13,80.89,95.25,-77.62,26.1,25.93,67.6,82.26,45.54,60.66,,mid,emerging
Sonitpur,Assam,2,26.61,1026.99,1325.27,6.51,24.02,76.91,24.25,58.89,5.76,48.76,45.49,83.49,70.9,36.67,21.85,63.62,72.15,45.75,66.92,,mid,emerging
South Salmara Mancachar,Assam,1,36.67,967.56,910.53,22.0,44.72,63.46,20.89,60.75,7.99,60.14,35.33,71.71,65.82,38.89,27.86,57.13,58.97,28.47,68.16,,mid,low
West Karbi Anglong,Assam,1,31.65,958.74,1104.77,6.02,21.34,73.89,21.69,43.31,7.1,55.54,46.72,72.51,47.94,40.85,31.1,57.94,76.67,17.67,63.07,,mid,low
Pashchim Champaran,Bihar,1,36.52,1087.97,903.77,12.53,39.06,52.53,21.56,40.19,12.09,54.95,25.39,79.45,62.07,43.47,30.26,50.58,43.27,31.42,19.96,,mid,low
Purba Champaran,Bihar,1,39.96,1185.07,840.78,12.74,49.24,50.15,20.09,40.84,17.19,45.44,21.65,61.51,68.29,49.11,37.85,57.33,48.33,44.17,19.38,,mid,low
Sheohar,Bihar,1,36.19,1066.04,1016.53,3.26,34.61,52.5,20.99,49.65,10.41,62.78,25.33,74.27,62.91,34.44,42.24,61.64,57.91,31.3,18.12,,mid,low
Sitamarhi,Bihar,1,38.2,1209.07,1008.61,13.06,46.75,51.74,19.17,41.04,17.02,57.77,20.28,64.36,66.62,54.18,40.82,61.68,50.65,40.48,20.7,,mid,low
Madhubani,Bihar,1,34.69,1227.33,804.99,10.17,39.18,53.15,26.48,39.49,17.72,67.52,34.88,73.72,74.09,43.33,36.01,61.44,38.21,39.96,19.15,,mid,low
Supaul,Bihar,1,39.76,1125.53,884.39,17.04,55.91,42.14,16.22,56.22,12.1,59.03,30.94,80.35,73.56,42.32,45.0,60.7,50.7,14.96,14.21,,mid,low
Araria,Bihar,1,40.54,1094.2,885.15,13.28,52.03,43.65,16.77,42.75,15.87,41.64,25.83,66.21,61.61,49.89,47.77,67.94,32.24,15.17,19.46,,mid,low
Kishanganj,Bihar,1,39.94,1199.27,1016.46,10.03,36.56,48.03,14.99,21.0,21.72,37.63,17.13,54.63,67.32,38.75,41.11,65.12,52.37,15.25,8.05,,mid,low
Purnia,Bihar,1,40.23,1128.44,938.24,21.43,51.18,47.52,19.23,24.34,20.24,26.32,11.13,68.87,62.7,43.51,47.07,66.03,35.63,19.28,10.17,,mid,low
Katihar,Bihar,1,38.95,1053.26,887.51,16.05,49.36,49.69,19.83,26.42,22.42,40.91,15.3,66.87,73.65,43.94,48.07,68.37,44.55,16.93,8.37,,mid,low
Madhepura,Bihar,1,38.32,1147.68,1057.97,20.79,51.99,47.63,23.23,47.63,11.06,53.75,20.87,74.95,72.04,46.3,43.49,65.72,34.64,13.35,9.54,,mid,low
Saharsa,Bihar,1,38.83,1128.16,1034.03,23.47,51.0,43.13,20.94,37.55,16.66,34.8,11.66,70.39,72.19,47.78,42.68,65.3,40.52,25.19,12.82,,mid,low
Darbhanga,Bihar,1,37.06,1121.86,811.85,10.27,45.07,49.38,22.72,48.84,12.74,51.82,24.87,69.9,66.27,45.44,39.24,60.75,48.72,41.64,25.33,,mid,low
Muzaffarpur,Bihar,1,34.9,1097.22,684.56,8.17,32.86,62.99,33.78,55.73,12.05,55.93,28.18,72.51,74.93,42.62,34.69,58.88,55.18,41.54,13.22,,mid,low
Gopalganj,Bihar,1,34.56,1156.69,942.68,7.56,27.96,63.31,32.91,39.52,19.41,53.16,27.88,85.92,75.83,34.16,29.23,53.77,60.1,39.35,12.73,,mid,low
Siwan,Bihar,1,31.54,1140.73,1060.3,2.58,21.29,70.9,38.85,42.35,15.41,61.04,30.26,86.36,76.12,36.65,30.79,53.12,47.71,48.04,8.2,,mid,low
Saran,Bihar,1,35.26,1076.82,779.29,6.15,26.24,65.56,35.54,31.42,17.34,44.36,30.74,72.97,71.95,39.67,44.96,62.8,37.15,36.83,9.41,,mid,low
Vaishali,Bihar,1,34.69,1069.05,1117.97,8.06,44.86,62.41,33.96,40.99,16.71,46.72,24.52,81.58,70.98,38.26,38.36,63.13,52.6,40.91,13.49,,mid,low
Samastipur,Bihar,1,37.82,1070.62,889.65,14.92,49.77,54.25,26.48,53.77,11.13,53.36,23.53,83.38,71.4,44.0,42.76,60.51,48.77,36.11,19.04,,mid,low
Begusarai,Bihar,1,36.41,1075.89,1058.37,12.08,49.48,62.31,34.07,46.19,15.95,46.54,21.56,85.99,65.75,37.76,35.64,62.89,62.23,45.23,13.23,,mid,low
Khagaria,Bihar,1,41.25,1110.9,918.49,15.08,44.85,51.82,26.63,34.92,15.44,44.6,17.43,74.15,64.68,34.82,36.4,59.46,65.03,33.16,15.61,,mid,low
Bhagalpur,Bihar,1,35.08,985.89,878.54,14.27,42.36,65.56,35.13,46.78,12.82,53.32,27.62,77.17,66.79,39.95,40.42,73.02,60.94,49.16,16.27,,mid,low
Banka,Bihar,1,36.1,1082.8,990.95,19.15,49.41,55.73,22.56,55.68,9.7,70.74,31.74,79.79,88.14,46.74,45.76,65.86,38.19,32.34,13.64,,mid,low
Munger,Bihar,1,31.31,1032.15,966.44,9.58,34.65,69.5,44.43,49.02,10.31,68.68,36.79,93.24,73.4,35.45,39.47,71.35,62.83,59.39,15.24,,mid,low
Lakhisarai,Bihar,1,37.75,1074.15,885.52,12.96,56.08,57.89,29.96,50.35,11.7,66.12,28.04,75.78,68.93,42.66,45.05,72.55,51.55,42.56,15.06,,mid,low
Sheikhpura,Bihar,1,37.5,1074.01,887.89,10.2,46.13,55.01,28.26,50.27,3.15,68.77,28.35,89.2,82.75,53.55,37.64,69.52,54.16,40.25,9.74,,mid,low
Nalanda,Bihar,1,37.2,1048.05,958.79,9.95,41.95,56.07,28.8,52.36,7.49,64.71,29.31,80.31,75.22,42.61,46.66,71.04,52.53,40.99,12.8,,mid,low
Patna,Bihar,1,32.71,949.91,1002.08,10.12,26.59,67.64,43.63,42.32,14.98,51.66,17.92,89.14,56.6,34.49,39.63,67.12,61.02,64.6,10.17,,mid,low
Bhojpur,Bihar,1,34.16,1002.91,872.27,5.34,31.16,64.1,34.57,47.88,11.76,42.74,33.48,86.9,61.9,40.65,44.03,73.58,45.87,42.86,9.63,,mid,low
Buxar,Bihar,1,32.68,1005.18,886.29,7.19,30.8,68.14,33.31,44.6,9.06,61.54,27.44,89.45,75.02,39.64,45.31,66.21,52.36,44.65,11.44,,mid,low
Kaimur (Bhabua),Bihar,1,35.81,1018.15,943.98,2.62,27.08,66.04,29.45,59.69,3.7,62.39,25.58,83.33,88.85,44.1,47.2,70.32,59.08,29.03,18.07,,mid,low
Rohtas,Bihar,1,32.67,1039.89,923.67,4.55,30.34,76.51,42.56,55.66,5.94,64.86,34.22,89.08,86.84,39.96,48.2,64.9,68.95,47.37,17.19,,mid,low
Aurangabad,Bihar,1,35.16,1074.09,886.17,7.34,27.31,67.56,36.87,53.49,7.15,53.57,29.31,77.48,89.74,41.23,48.66,60.45,47.12,38.92,15.35,,mid,low
Gaya,Bihar,1,36.29,1079.81,863.35,7.21,42.83,59.4,30.73,52.45,5.91,63.18,25.07,76.58,85.03,47.38,43.45,64.33,44.41,34.69,9.71,,mid,low
Nawada,Bihar,1,33.43,1099.08,864.97,9.44,43.32,62.1,37.25,45.14,6.5,69.49,31.62,79.94,74.45,49.43,37.29,70.41,47.92,40.74,8.09,,mid,low
Jamui,Bihar,1,37.0,1089.67,986.4,15.36,51.85,48.68,20.64,47.7,9.52,73.79,37.91,73.39,66.39,43.04,37.48,75.16,37.57,40.22,14.29,,mid,low
Jehanabad,Bihar,1,36.0,1084.54,1066.49,11.97,41.6,63.18,30.53,45.26,12.95,58.4,17.43,89.11,70.27,41.25,51.74,68.05,45.51,34.25,13.18,,mid,low
Arwal,Bihar,1,36.64,1075.58,814.52,8.78,37.47,62.54,32.88,42.75,12.24,57.36,34.51,79.16,84.22,45.62,52.94,66.85,43.42,29.3,15.55,,mid,low
Chandigarh,Chandigarh,3,23.29,917.45,837.77,0.76,9.72,82.96,59.61,55.6,6.89,82.34,78.74,96.87,-80.93,25.3,20.56,60.3,84.98,95.81,32.23,,mid,emerging
Koriya,Chhattisgarh,2,26.85,987.34,864.18,4.96,22.89,77.08,36.95,49.37,12.58,69.71,70.02,80.75,87.05,32.12,31.8,64.37,73.34,30.16,62.75,,mid,emerging
Jashpur,Chhattisgarh,2,27.81,1037.7,950.54,5.51,21.93,75.08,34.93,47.16,12.92,56.36,48.57,85.62,94.19,35.82,33.58,61.47,72.81,14.76,80.58,,mid,emerging
Raigarh,Chhattisgarh,2,24.1,1012.97,811.8,1.32,11.54,75.96,38.3,56.02,10.31,57.67,55.41,87.73,90.87,39.09,28.0,62.16,66.3,29.75,66.28,,mid,emerging
Korba,Chhattisgarh,0,25.4,1034.28,988.88,1.24,7.24,77.59,37.11,46.93,13.41,49.67,49.34,75.4,-68.37,34.66,27.92,66.43,73.33,35.49,60.56,,mid,emerging
Janjgir - Champa,Chhattisgarh,2,25.32,998.69,794.51,3.53,10.17,77.02,37.28,66.32,6.25,63.08,62.82,86.24,85.52,32.45,30.22,66.28,78.77,24.78,73.97,,mid,emerging
Kabeerdham,Chhattisgarh,2,27.38,983.31,825.97,1.52,15.28,67.81,32.59,72.18,6.24,67.19,58.89,91.72,95.41,37.94,27.25,43.64,80.26,24.96,72.09,,mid,emerging
Rajnandgaon,Chhattisgarh,2,23.95,1014.34,988.14,1.44,3.77,82.41,38.85,70.47,6.33,79.84,76.07,95.49,90.98,27.6,30.97,58.27,79.16,27.44,80.82,,mid,emerging
Mahasamund,Chhattisgarh,2,23.99,1057.22,1076.6,1.24,9.48,72.62,31.24,64.19,5.53,69.42,65.79,92.89,82.08,36.82,25.81,63.03,84.23,30.38,76.17,,mid,emerging
Dhamtari,Chhattisgarh,3,23.57,1056.69,1119.63,0.98,5.84,83.69,40.92,78.29,4.53,61.22,70.4,94.25,-80.61,30.45,28.92,59.57,89.82,30.89,86.83,,mid,emerging
Uttar Bastar Kanker,Chhattisgarh,3,21.79,1029.74,1131.21,0.77,5.37,78.45,40.26,69.55,3.03,78.14,77.9,94.07,-89.5,24.81,36.06,65.21,80.49,25.92,84.84,,mid,emerging
Narayanpur,Chhattisgarh,1,28.84,1077.03,1101.92,2.54,11.11,53.84,26.49,52.79,9.18,60.14,59.1,74.16,81.67,43.73,39.49,71.97,52.79,19.52,83.09,,mid,low
Bijapur,Chhattisgarh,1,30.48,1068.72,1045.49,5.24,18.27,46.29,24.19,32.36,15.49,53.07,56.85,63.62,78.35,53.83,46.13,72.14,30.63,18.48,73.53,,mid,low
Balod,Chhattisgarh,3,20.71,987.98,1067.87,0.0,3.26,84.66,46.25,79.86,2.57,72.73,81.46,97.35,-85.21,33.56,35.95,56.38,83.76,33.29,79.52,,mid,emerging
Baloda Bazar,Chhattisgarh,2,27.2,1070.09,1021.48,2.68,11.4,75.01,38.71,62.77,5.34,59.28,49.47,78.14,77.32,40.85,34.11,61.24,78.85,24.86,66.05,,mid,emerging
Balrampur,Chhattisgarh,1,29.17,979.66,887.35,9.07,24.6,66.81,32.16,46.79,16.0,76.39,52.09,78.89,76.11,35.14,38.84,63.35,57.34,13.21,62.27,,mid,low
Bastar,Chhattisgarh,1,26.52,1068.01,1042.33,5.96,17.29,54.62,25.32,47.65,12.08,57.25,55.07,63.54,57.33,48.09,45.22,77.2,60.99,31.56,69.28,,mid,low
Bemetara,Chhattisgarh,2,27.0,972.49,987.18,4.9,15.12,74.14,32.99,71.21,5.03,77.42,54.61,94.98,93.43,38.35,27.62,47.01,80.48,18.86,63.38,,mid,emerging
Bilaspur,Chhattisgarh,0,24.78,1033.14,1070.45,5.2,11.19,74.32,37.38,50.28,10.39,52.45,46.87,79.44,52.5,25.73,28.0,58.5,80.47,42.19,60.37,,mid,emerging
Dantewada,Chhattisgarh,2,27.89,1098.42,1295.98,6.65,16.31,50.32,24.2,54.44,7.09,65.34,68.2,90.45,77.6,45.61,45.84,76.01,60.48,34.56,82.2,,mid,emerging
Durg,Chhattisgarh,3,22.87,956.54,812.37,0.64,4.33,84.59,52.69,76.41,4.93,71.08,69.85,96.71,82.67,38.87,27.74,51.66,89.47,76.31,67.01,,mid,emerging
Gariyaband,Chhattisgarh,2,26.48,1048.17,1011.38,3.62,9.74,72.08,27.77,68.34,3.47,57.99,57.84,87.56,83.44,28.94,22.09,64.64,80.98,17.05,79.82,,mid,emerging
Kodagaon,Chhattisgarh,2,25.71,1032.98,1111.08,3.03,11.75,56.13,24.67,60.54,3.73,69.37,64.05,78.72,70.13,37.59,42.15,79.74,79.52,12.36,80.58,,mid,emerging
Mungeli,Chhattisgarh,2,29.34,1021.73,1017.29,3.06,20.48,68.55,32.16,60.32,11.42,73.25,67.32,69.81,79.7,30.14,30.63,54.48,80.68,22.85,67.98,,mid,emerging
Raipur,Chhattisgarh,2,24.19,982.79,999.81,3.31,8.79,81.31,40.1,72.11,6.1,82.42,65.6,90.71,74.15,32.22,32.33,59.09,83.95,60.47,76.92,,mid,emerging
Sukma,Chhattisgarh,1,29.6,1078.19,924.9,2.7,18.88,40.48,15.87,51.37,7.61,58.94,73.99,81.22,73.33,41.78,37.39,78.42,35.53,14.38,78.11,,mid,low
Surajpur,Chhattisgarh,2,28.54,949.97,915.74,4.5,34.28,68.25,30.68,50.09,14.13,55.32,48.85,85.87,78.73,27.58,32.28,60.74,75.4,23.95,75.67,,mid,emerging
Surguja,Chhattisgarh,2,27.47,1035.96,1138.72,6.41,18.07,73.68,37.73,49.12,15.01,70.35,57.71,85.34,84.55,29.41,30.55,58.32,75.76,24.47,65.14,,mid,emerging
Diu,Dadra and Nagar Haveli & Daman and Diu,3,21.18,1331.64,982.8,0.0,2.28,90.77,52.68,52.21,7.7,85.72,90.71,95.65,-92.9,33.94,28.54,50.27,89.69,85.32,63.98,,mid,emerging
Daman,Dadra and Nagar Haveli & Daman and Diu,3,22.66,754.98,766.66,1.35,22.82,85.88,42.85,48.91,21.07,62.72,70.53,97.39,-78.33,30.04,29.26,60.8,67.07,92.05,32.88,,mid,emerging
Dadra & Nagar Haveli,Dadra and Nagar Haveli & Daman and Diu,2,26.8,817.44,821.71,5.52,29.98,72.82,31.48,64.34,8.97,81.97,90.9,96.32,100.0,42.38,42.06,64.41,63.08,74.33,58.81,,mid,emerging
North Goa,Goa,3,19.28,1016.91,849.01,2.72,7.45,92.37,71.98,54.75,9.2,74.63,91.29,99.57,-78.64,24.17,25.84,39.97,87.74,96.69,64.83,,mid,emerging
Kachchh,Gujarat,2,26.57,979.27,994.16,5.71,18.97,75.57,24.13,62.45,7.84,88.81,84.15,97.36,70.19,37.48,33.43,57.49,85.82,67.16,34.34,,mid,emerging
Banas Kantha,Gujarat,1,29.23,1007.3,966.79,5.08,37.34,63.71,17.64,37.45,18.5,68.04,56.05,92.94,43.53,38.98,44.1,59.98,53.86,45.63,40.96,,mid,low
Patan,Gujarat,2,25.08,967.42,975.59,2.27,35.35,71.08,22.59,52.86,11.2,86.2,79.81,98.55,80.99,50.51,42.25,59.76,73.11,62.62,50.17,,mid,emerging
Mahesana,Gujarat,2,22.13,912.81,742.48,4.53,32.31,75.05,32.59,41.79,18.43,59.69,56.58,97.25,-79.56,31.03,41.39,69.27,72.14,63.14,40.74,,mid,emerging
Gandhinagar,Gujarat,2,22.34,924.44,765.64,5.02,32.6,81.78,37.86,43.61,18.53,69.46,71.02,97.81,-77.66,38.07,44.61,68.81,84.6,76.86,29.74,,mid,emerging
Porbandar,Gujarat,3,20.75,1000.37,1044.96,1.87,9.96,84.33,35.93,68.54,7.7,93.54,92.05,100.0,-82.85,18.15,25.52,47.6,85.74,76.85,42.13,,mid,emerging
Amreli,Gujarat,3,22.71,983.84,977.23,1.64,10.51,77.17,27.18,51.9,9.54,93.9,92.59,90.13,-60.09,35.3,30.57,50.02,73.28,65.61,47.74,,mid,emerging
Anand,Gujarat,2,22.23,912.19,725.58,7.0,27.95,75.89,32.22,49.22,16.48,74.23,64.24,95.96,-77.03,38.4,46.63,66.36,82.1,65.13,36.17,,mid,emerging
Dohad,Gujarat,1,35.58,1047.47,1013.08,7.36,29.87,56.1,23.13,55.64,7.68,75.18,70.9,92.45,66.18,55.34,53.02,75.08,35.93,26.8,40.26,,mid,low
Narmada,Gujarat,2,25.98,1006.44,853.1,12.02,29.49,67.29,22.59,67.02,5.25,81.7,83.42,81.65,82.84,47.18,52.82,75.91,54.56,31.28,51.07,,mid,emerging
Bharuch,Gujarat,2,23.69,960.26,1112.02,5.03,16.77,74.01,31.52,35.73,20.25,63.37,65.68,91.14,-80.02,40.87,45.48,71.77,77.69,60.16,37.36,,mid,emerging
The Dangs,Gujarat,2,28.8,1023.19,1142.82,13.02,30.21,68.92,20.65,69.05,5.09,86.35,90.21,74.45,91.34,37.61,53.1,77.24,71.72,23.39,44.33,,mid,emerging
Navsari,Gujarat,3,19.55,1056.28,1005.57,3.34,15.73,84.05,47.65,65.13,6.5,93.42,94.69,99.26,94.99,36.83,43.59,68.71,80.12,70.17,41.96,,mid,emerging
Valsad,Gujarat,2,25.24,1009.32,1020.44,6.45,19.35,82.93,45.59,61.86,9.32,88.25,92.48,96.52,91.07,37.76,34.81,75.68,85.31,73.11,40.58,,mid,emerging
Surat,Gujarat,3,23.11,911.62,889.94,4.35,13.14,84.18,43.95,65.56,5.65,92.16,93.4,97.69,-92.81,36.05,32.45,68.96,81.95,88.56,31.55,,mid,emerging
Tapi,Gujarat,2,21.03,1075.85,1184.66,9.85,25.25,72.02,32.49,74.38,3.21,83.15,90.96,92.93,-97.54,41.68,51.78,77.38,70.21,45.5,42.32,,mid,emerging
Ahmadabad,Gujarat,3,22.05,928.43,993.99,4.38,17.51,81.47,42.65,58.21,6.45,73.51,77.76,94.45,-65.23,35.45,33.97,63.7,86.38,89.72,36.23,,mid,emerging
Aravali,Gujarat,2,25.54,996.23,964.55,6.65,26.96,71.93,34.67,56.34,11.19,62.63,73.84,92.18,76.99,47.08,47.24,77.27,56.32,47.93,43.89,,mid,emerging
Bhavnagar,Gujarat,2,24.13,941.9,1192.17,1.49,17.96,74.24,26.25,40.51,15.51,76.64,70.9,94.18,74.27,32.63,39.53,49.42,72.87,59.81,32.17,,mid,emerging
Botad,Gujarat,2,24.79,974.8,992.28,2.22,12.96,71.82,22.0,44.64,13.2,82.29,82.71,93.45,65.07,32.17,32.33,58.75,71.96,63.03,37.97,,mid,emerging
Chhota Udaipur,Gujarat,2,25.41,1015.86,937.22,4.33,27.52,53.2,20.25,67.28,5.09,81.86,81.22,85.72,81.69,48.59,48.09,78.9,52.95,25.67,39.95,,mid,emerging
Devbhumi Dwarka,Gujarat,2,24.19,1010.24,955.36,3.8,11.63,66.09,15.76,41.08,15.85,84.05,76.56,94.8,73.31,30.23,36.23,48.77,73.37,61.15,33.54,,mid,emerging
Gir Somnath,Gujarat,2,23.4,980.6,920.77,0.94,9.89,73.12,30.75,51.12,12.37,79.19,80.69,87.12,69.86,44.43,30.33,49.9,74.27,46.8,46.63,,mid,emerging
Jamnagar,Gujarat,3,20.95,1003.88,911.83,1.02,6.81,83.14,35.26,66.52,2.02,91.69,73.78,96.49,-78.4,28.35,28.86,50.22,86.6,81.56,38.6,,mid,emerging
Junagadh,Gujarat,3,21.58,999.37,875.95,4.95,11.23,82.79,34.96,42.32,13.75,81.96,72.54,97.42,93.47,37.28,26.43,58.77,81.68,67.18,47.25,,mid,emerging
Kheda,Gujarat,1,23.65,934.29,867.86,10.43,49.17,70.92,24.19,28.65,16.52,63.98,61.2,95.18,68.99,37.26,39.49,76.07,63.34,47.95,32.2,,mid,low
Mahisagar,Gujarat,2,25.39,992.53,963.32,6.09,30.66,70.89,33.91,59.12,6.77,77.21,76.63,92.98,79.98,43.43,48.98,72.5,44.42,47.44,46.0,,mid,emerging
Morbi,Gujarat,3,22.57,980.52,858.32,3.38,8.89,82.42,35.38,58.69,10.24,89.83,75.11,94.78,64.17,32.91,32.34,50.68,80.08,73.64,34.41,,mid,emerging
Panch Mahals,Gujarat,2,26.3,969.16,878.52,10.45,34.07,71.67,28.41,52.59,6.95,73.96,88.73,88.41,95.44,47.12,51.85,69.75,58.93,43.62,33.95,,mid,emerging
Rajkot,Gujarat,3,21.96,974.72,1049.44,1.76,12.11,84.68,42.59,53.53,6.22,93.96,93.52,99.28,-84.87,38.94,37.01,60.46,85.44,83.59,45.13,,mid,emerging
Sabar Kantha,Gujarat,2,26.55,986.84,870.62,6.11,26.96,74.52,31.1,55.51,9.17,70.1,73.24,89.43,88.47,37.01,41.0,67.31,60.97,58.71,49.32,,mid,emerging
Surendranagar,Gujarat,2,23.65,957.42,992.12,6.3,19.52,75.07,23.28,65.71,8.25,84.01,57.45,85.58,62.52,39.16,41.78,55.6,63.75,56.92,50.44,,mid,emerging
Vadodara,Gujarat,3,20.99,953.34,1186.27,10.31,22.77,84.57,46.41,49.06,11.37,80.44,65.92,95.92,-84.93,42.26,39.85,72.32,85.62,78.1,41.66,,mid,emerging
Panchkula,Haryana,3,23.09,936.23,853.65,1.37,7.4,87.86,60.28,58.96,7.01,82.62,76.91,96.99,-85.12,21.76,19.26,57.06,82.62,81.13,19.9,,mid,emerging
Ambala,Haryana,3,21.56,929.88,764.46,0.75,6.43,88.85,55.34,57.61,6.97,76.54,57.39,97.83,79.33,24.11,13.73,46.06,87.22,81.59,18.99,,mid,emerging
Yamunanagar,Haryana,3,23.59,922.91,1102.93,2.34,6.9,87.05,51.18,57.98,4.24,87.44,66.42,94.79,82.88,27.73,23.08,56.57,83.54,77.71,20.62,,mid,emerging
Kurukshetra,Haryana,3,24.69,941.08,869.18,3.9,11.68,83.92,48.4,62.95,9.45,82.71,59.75,98.36,69.77,24.92,22.5,57.08,82.63,77.58,19.19,,mid,emerging
Kaithal,Haryana,3,24.4,928.91,804.36,4.69,11.03,73.95,45.9,60.97,4.83,81.39,68.77,98.21,-74.26,29.89,29.86,61.52,89.72,55.91,29.08,,mid,emerging
Karnal,Haryana,3,26.42,969.94,821.11,3.11,6.61,84.46,46.78,67.08,5.37,91.19,84.71,98.96,88.85,29.16,20.53,61.89,83.5,74.08,24.59,,mid,emerging
Panipat,Haryana,3,25.98,916.78,937.57,5.71,11.92,85.89,52.12,55.35,7.3,81.35,49.2,97.1,80.62,25.13,18.91,66.88,79.32,72.95,26.48,,mid,emerging
Sonipat,Haryana,3,23.51,843.82,906.08,2.91,15.51,89.13,56.82,59.94,4.8,85.83,64.07,99.7,-82.99,23.6,12.68,53.28,86.65,69.93,22.36,,mid,emerging
Jind,Haryana,3,25.84,976.78,849.93,1.93,8.68,83.56,45.28,65.15,5.35,82.57,49.63,98.68,77.54,25.48,22.86,59.61,88.52,42.11,23.68,,mid,emerging
Fatehabad,Haryana,3,24.09,908.38,901.33,2.05,11.68,73.2,41.51,62.86,4.58,91.25,60.08,97.94,90.73,24.62,26.55,62.3,87.3,43.74,29.43,,mid,emerging
Hisar,Haryana,3,25.77,939.23,856.38,3.61,8.88,79.76,43.85,64.55,8.9,91.24,69.91,98.23,85.53,27.79,21.44,63.76,89.11,44.8,27.88,,mid,emerging
Rohtak,Haryana,3,23.7,941.99,880.47,1.68,12.4,88.53,55.91,62.99,8.51,86.43,72.28,97.39,77.42,28.86,22.06,65.29,90.01,67.27,24.78,,mid,emerging
Jhajjar,Haryana,3,22.95,981.67,1281.55,1.29,7.72,89.14,62.66,61.96,4.58,87.32,60.13,97.2,90.86,15.59,9.67,60.14,91.68,55.9,26.99,,mid,emerging
Mahendragarh,Haryana,3,22.27,935.56,962.0,9.55,13.38,82.73,52.42,63.22,9.34,88.14,55.2,98.91,73.86,25.15,15.35,61.22,79.78,34.16,25.61,,mid,emerging
Rewari,Haryana,3,22.64,884.53,787.38,4.72,5.75,87.41,58.72,64.38,8.5,85.72,63.78,98.71,79.33,25.93,20.46,61.84,86.4,54.92,25.33,,mid,emerging
Gurgaon,Haryana,3,24.72,871.09,858.4,6.89,20.68,87.07,59.55,61.16,7.84,86.17,48.12,96.67,-58.66,22.05,22.23,67.48,84.54,80.95,34.62,,mid,emerging
Mewat,Haryana,1,40.63,914.04,891.29,7.6,28.69,45.06,13.89,28.17,19.63,70.94,45.88,74.63,53.77,44.38,37.31,60.57,71.67,22.01,11.49,,mid,low
Faridabad,Haryana,3,24.96,889.86,954.65,2.77,15.33,84.39,55.55,58.21,7.38,85.55,51.23,92.49,69.49,28.86,19.47,54.2,84.16,89.26,32.8,,mid,emerging
Palwal,Haryana,2,31.29,942.91,884.3,4.72,23.75,71.14,39.4,54.21,7.99,81.22,53.41,78.34,69.03,30.95,21.02,57.18,80.3,34.62,23.51,,mid,emerging
Bhiwani,Haryana,3,24.81,984.94,898.8,3.36,15.03,80.03,47.02,67.15,9.32,89.03,60.36,97.7,72.51,29.0,20.64,66.43,89.67,36.55,28.24,,mid,emerging
Charkhi Dadri,Haryana,3,23.38,963.6,1006.84,3.13,11.8,84.41,54.45,61.31,11.11,82.63,53.44,98.94,84.16,23.91,16.87,72.64,90.4,36.23,29.71,,mid,emerging
Chamba,Himachal Pradesh,0,25.13,1073.13,1000.95,1.99,3.76,84.09,50.92,65.18,6.22,75.09,62.71,72.04,-100.0,42.56,25.96,43.71,86.54,34.96,26.79,,mid,emerging
Kangra,Himachal Pradesh,3,21.09,1050.7,795.2,0.82,1.53,94.43,69.85,52.0,11.82,51.45,56.28,90.17,-83.88,28.0,32.0,63.39,73.33,49.14,36.36,,mid,emerging
Lahul & Spiti,Himachal Pradesh,3,17.78,1077.18,1181.73,3.1,11.17,86.22,55.91,66.26,5.71,62.35,65.63,86.39,-77.85,28.46,18.44,82.05,61.69,71.73,31.15,,mid,emerging
Kullu,Himachal Pradesh,3,21.78,1008.03,1016.53,4.72,8.71,87.36,54.43,67.54,4.98,62.06,59.99,86.95,80.18,35.94,25.58,52.82,81.15,64.97,26.77,,mid,emerging
Mandi,Himachal Pradesh,3,22.32,1159.46,839.74,6.25,6.27,93.96,71.84,71.26,7.07,81.2,70.25,86.58,-94.12,31.34,21.29,48.85,86.98,38.59,41.33,,mid,emerging
Hamirpur,Himachal Pradesh,3,20.32,1181.58,1073.02,2.75,3.53,94.84,76.12,51.41,12.56,67.45,59.43,97.6,-74.25,27.27,23.58,49.45,85.48,44.73,32.03,,mid,emerging
Una,Himachal Pradesh,3,21.8,1026.03,872.55,2.13,1.64,92.52,66.82,45.88,15.8,70.71,71.66,89.65,-75.33,24.69,25.79,60.75,81.38,46.2,22.56,,mid,emerging
Bilaspur,Himachal Pradesh,3,22.11,1095.52,874.7,3.19,10.03,91.23,64.24,70.31,7.23,76.44,81.35,91.7,-100.0,40.06,38.77,52.99,80.82,35.78,35.41,,mid,emerging
Solan,Himachal Pradesh,3,22.27,946.67,881.95,5.75,13.34,90.98,62.34,65.46,2.87,87.1,88.17,90.22,-92.64,32.32,26.65,47.51,81.76,62.46,41.86,,mid,emerging
Sirmaur,Himachal Pradesh,3,25.51,922.93,925.05,1.75,4.97,84.93,55.64,74.51,3.1,91.03,85.23,87.41,93.92,28.62,24.18,50.13,84.27,46.8,26.19,,mid,emerging
Shimla,Himachal Pradesh,3,18.97,955.96,807.95,6.1,6.11,93.36,69.7,75.98,3.82,83.08,85.31,92.23,-96.53,27.07,14.93,46.49,87.25,78.02,37.07,,mid,emerging
Kinnaur,Himachal Pradesh,3,19.11,967.22,690.56,9.25,27.87,89.11,56.09,76.66,4.08,77.79,75.32,82.72,-91.73,32.16,18.92,51.72,80.06,70.38,35.91,,mid,emerging
Kupwara,Jammu & Kashmir,3,26.67,987.28,939.81,0.0,3.09,76.01,44.92,56.51,5.94,83.65,89.24,97.06,93.19,24.89,25.52,73.46,67.68,61.99,10.36,,mid,emerging
Badgam,Jammu & Kashmir,3,22.32,936.91,843.48,1.03,1.54,74.12,48.18,57.72,4.19,83.28,66.5,96.47,-92.53,26.81,20.64,73.89,77.01,71.12,5.22,,mid,emerging
Punch,Jammu & Kashmir,3,27.2,945.63,1175.33,0.54,5.36,79.25,46.76,53.26,8.41,80.53,86.38,85.99,91.15,25.89,18.8,54.07,66.69,44.62,11.08,,mid,emerging
Rajouri,Jammu & Kashmir,2,26.35,901.39,968.38,4.06,12.23,79.41,46.38,56.24,5.68,82.51,71.86,88.81,94.99,30.27,32.43,60.64,63.32,42.76,16.41,,mid,emerging
Kathua,Jammu & Kashmir,3,19.75,893.61,1100.27,0.0,1.44,87.65,64.85,72.71,4.17,83.21,31.61,97.08,-100.0,21.8,25.87,53.59,75.38,68.49,6.96,,mid,emerging
Baramula,Jammu & Kashmir,3,24.81,954.89,952.32,0.0,3.75,67.89,35.89,28.17,15.74,84.03,75.19,96.24,73.7,23.15,17.31,72.47,77.73,76.48,6.53,,mid,emerging
Bandipore,Jammu & Kashmir,3,25.48,969.88,999.7,0.0,1.76,66.57,35.87,34.57,13.75,82.92,82.62,92.76,90.3,25.24,16.8,73.72,66.83,77.85,9.07,,mid,emerging
Srinagar,Jammu & Kashmir,3,20.16,971.55,924.32,1.61,1.74,78.42,60.52,52.16,4.7,95.15,85.12,99.21,-90.93,32.96,15.78,51.65,86.78,98.44,17.87,,mid,emerging
Ganderbal,Jammu & Kashmir,3,25.11,930.53,816.39,0.41,5.3,63.99,34.25,27.65,14.14,86.88,80.38,97.97,81.17,18.49,20.13,77.24,78.44,84.44,8.3,,mid,emerging
Pulwama,Jammu & Kashmir,3,22.06,952.92,889.42,0.0,0.51,76.59,49.43,46.1,11.05,96.63,96.16,97.79,-88.75,22.38,20.22,73.15,91.61,76.62,9.88,,mid,emerging
Shupiyan,Jammu & Kashmir,3,22.95,958.31,1142.16,0.0,2.14,80.81,55.15,53.1,7.07,80.8,86.78,98.33,-92.16,21.95,33.51,63.9,86.54,66.11,8.37,,mid,emerging
Anantnag,Jammu & Kashmir,3,22.41,973.77,1176.81,0.65,2.54,74.66,52.77,57.26,7.81,81.96,80.91,90.47,-83.33,28.16,28.33,74.29,84.68,76.46,7.27,,mid,emerging
Kulgam,Jammu & Kashmir,3,25.44,961.99,1096.96,1.06,3.66,70.88,42.4,55.0,5.02,95.46,92.19,98.87,98.08,28.38,15.32,76.96,80.5,40.31,4.23,,mid,emerging
Doda,Jammu & Kashmir,2,28.36,943.15,959.28,2.71,11.03,69.24,46.75,49.41,7.21,86.3,74.32,73.54,61.65,32.68,15.2,66.53,70.9,42.36,7.6,,mid,emerging
Ramban,Jammu & Kashmir,2,29.53,915.02,1021.7,2.02,5.5,62.21,35.49,52.62,10.34,84.6,79.23,80.44,78.88,25.7,21.22,59.72,48.92,35.81,9.17,,mid,emerging
Kishtwar,Jammu & Kashmir,3,24.82,978.02,1024.22,1.76,7.22,71.28,47.97,47.84,9.56,80.3,76.4,91.59,-91.61,27.49,17.74,84.84,59.62,50.6,16.37,,mid,emerging
Udhampur,Jammu & Kashmir,2,26.13,946.15,996.98,1.04,6.05,77.33,43.66,63.93,6.26,80.1,69.82,87.23,85.75,37.28,31.93,56.46,69.84,55.08,16.83,,mid,emerging
Reasi,Jammu & Kashmir,0,30.69,966.72,999.95,2.22,9.61,68.19,41.88,51.72,7.48,83.43,75.92,69.32,79.05,17.74,11.73,62.88,62.71,35.2,11.24,,mid,emerging
Jammu,Jammu & Kashmir,3,22.18,938.68,891.71,0.0,5.26,91.54,70.8,57.05,6.72,93.16,95.43,96.48,-84.06,27.04,17.63,66.63,81.24,87.89,23.25,,mid,emerging
Samba,Jammu & Kashmir,3,24.51,959.54,888.16,1.29,6.25,84.83,60.61,50.44,9.53,86.56,96.2,97.85,90.85,24.52,15.48,62.35,78.81,73.01,19.02,,mid,emerging
Garhwa,Jharkhand,1,33.33,1108.38,828.6,8.69,31.32,62.74,31.04,48.66,12.33,66.25,29.78,83.98,77.16,47.7,40.57,62.69,54.06,24.74,55.27,,mid,low
Chatra,Jharkhand,1,36.77,1135.6,763.54,11.59,31.65,61.81,27.67,51.77,10.08,57.14,32.36,71.52,71.65,42.16,39.77,55.96,48.05,20.43,46.51,,mid,low
Kodarma,Jharkhand,1,35.8,1141.42,871.56,10.64,42.52,66.91,31.83,56.61,12.04,77.76,47.61,91.33,73.84,34.57,31.65,64.9,54.0,35.83,56.77,,mid,low
Giridih,Jharkhand,1,34.57,1090.99,851.85,12.33,45.59,57.32,24.97,54.33,11.99,57.94,42.1,70.74,70.61,31.88,34.25,64.7,59.24,32.38,52.41,,mid,low
Deoghar,Jharkhand,1,36.04,1067.99,929.36,20.24,49.16,54.22,19.73,48.49,11.07,58.1,30.74,61.29,54.45,41.65,36.87,70.23,41.56,23.5,53.8,,mid,low
Godda,Jharkhand,1,33.8,1011.55,880.74,16.14,48.51,50.44,19.55,50.55,11.31,63.1,39.22,70.22,63.93,39.37,40.72,66.27,54.88,19.67,45.91,,mid,low
Sahibganj,Jharkhand,1,39.44,1092.17,983.78,18.94,39.93,54.86,18.64,33.97,13.2,67.11,36.17,64.69,66.03,49.06,44.84,71.51,43.19,17.43,34.77,,mid,low
Pakur,Jharkhand,1,36.3,1073.91,925.16,14.35,43.38,46.68,13.6,45.44,12.03,71.56,26.64,64.6,69.43,51.26,51.4,79.72,38.26,16.94,52.45,,mid,low
Dhanbad,Jharkhand,2,27.78,985.77,869.11,10.88,28.33,71.97,37.88,51.63,9.67,65.43,44.55,78.75,66.11,26.98,25.05,63.83,67.58,37.18,45.66,,mid,emerging
Bokaro,Jharkhand,2,27.29,1006.22,899.35,5.89,26.26,72.56,44.96,59.55,9.45,68.18,48.71,80.86,70.99,36.2,32.28,68.84,64.38,46.97,44.65,,mid,emerging
Lohardaga,Jharkhand,1,32.38,1051.74,1010.84,5.51,21.85,67.46,35.02,41.12,13.87,78.96,37.65,84.11,88.19,40.73,43.43,61.7,67.68,33.95,58.87,,mid,low
Purbi Singhbhum,Jharkhand,2,23.37,1015.95,837.11,3.66,19.84,77.36,46.76,47.19,11.35,78.24,40.67,94.03,88.79,35.88,41.62,64.37,70.21,57.56,50.72,,mid,emerging
Palamu,Jharkhand,1,34.56,1183.06,1097.68,6.05,35.41,65.37,36.53,53.08,13.75,73.07,33.83,74.85,80.93,43.71,37.34,61.02,46.28,25.41,55.77,,mid,low
Latehar,Jharkhand,1,35.94,1115.12,967.34,8.81,32.19,58.74,26.53,45.92,13.42,75.01,43.12,70.29,74.98,40.1,39.38,63.58,51.4,14.23,52.23,,mid,low
Hazaribagh,Jharkhand,1,32.56,1082.55,856.46,10.86,38.57,69.67,40.09,53.57,11.46,59.81,36.41,82.03,70.11,37.8,32.49,56.12,55.64,36.81,55.0,,mid,low
Ramgarh,Jharkhand,2,27.85,955.02,902.95,5.13,25.08,72.73,44.33,54.16,7.28,63.42,40.92,78.98,81.78,35.25,35.28,62.26,64.2,33.15,49.67,,mid,emerging
Dumka,Jharkhand,1,31.72,1067.41,945.83,14.87,43.08,55.62,19.11,43.39,13.1,64.86,39.27,60.27,78.9,38.17,44.89,73.42,41.46,18.09,45.37,,mid,low
Jamtara,Jharkhand,1,29.53,996.01,824.72,14.9,50.54,57.37,21.39,54.12,9.89,66.73,35.98,75.37,78.82,41.92,46.17,77.65,52.84,20.25,62.91,,mid,low
Ranchi,Jharkhand,2,25.43,1004.47,873.96,5.45,20.89,78.4,49.45,51.34,12.02,77.75,35.21,87.28,73.81,28.33,40.57,58.92,77.19,57.68,43.85,,mid,emerging
Khunti,Jharkhand,1,29.81,992.33,708.92,4.32,21.71,59.89,29.27,43.37,11.75,71.3,37.43,73.77,71.91,38.48,44.0,70.02,55.16,18.66,58.17,,mid,low
Gumla,Jharkhand,1,30.71,1023.74,1028.09,7.19,20.85,69.27,33.34,45.02,14.91,81.46,49.29,83.76,85.28,40.23,38.71,59.48,50.12,19.13,51.67,,mid,low
Simdega,Jharkhand,1,30.03,1064.27,906.74,4.97,15.89,68.78,29.74,27.71,15.81,71.01,34.38,75.73,79.34,42.2,36.98,70.64,71.3,15.94,60.63,,mid,low
Pashchimi Singhbhum,Jharkhand,1,35.8,1049.26,872.16,6.66,24.36,49.83,22.92,36.25,12.51,62.58,34.86,67.91,86.96,60.61,62.38,72.57,37.74,15.53,46.71,,mid,low
Saraikela-Kharsawan,Jharkhand,2,26.16,995.87,919.22,10.28,19.19,68.27,36.01,52.43,7.24,85.12,54.39,81.84,80.87,40.02,48.7,70.17,60.87,31.53,63.08,,mid,emerging
Belgaum,Karnataka,2,24.99,1031.82,892.03,9.1,32.8,73.99,47.8,70.59,5.51,71.19,63.74,97.52,81.44,32.78,36.88,52.93,67.67,74.82,20.72,,mid,emerging
Bagalkot,Karnataka,2,26.5,1007.4,879.35,6.93,38.72,69.66,37.71,65.33,5.84,78.17,76.21,95.2,78.58,48.26,42.34,47.98,51.29,56.64,22.29,,mid,emerging
Bijapur,Karnataka,1,28.04,994.96,884.69,11.76,39.24,66.61,37.13,62.68,6.97,60.27,56.37,91.75,71.11,45.94,38.96,52.9,44.84,60.61,21.2,,mid,low
Bidar,Karnataka,2,27.27,1033.68,897.98,3.96,19.24,73.79,44.98,68.54,8.13,62.72,55.27,98.98,74.75,36.82,36.13,55.94,56.5,65.15,21.44,,mid,emerging
Raichur,Karnataka,1,29.29,1033.4,907.03,8.87,21.9,54.28,31.67,49.63,9.98,66.39,67.45,88.93,80.21,39.79,40.73,60.36,53.02,64.92,17.75,,mid,low
Koppal,Karnataka,1,28.76,994.25,951.54,8.51,27.06,59.8,34.36,63.23,9.71,52.41,50.67,90.74,84.84,49.09,45.84,54.81,58.79,47.39,20.62,,mid,low
Gadag,Karnataka,2,24.13,1059.81,910.69,2.04,27.69,70.67,45.12,57.7,7.03,52.56,68.68,96.19,74.26,45.15,39.78,50.47,55.2,56.27,28.27,,mid,emerging
Dharwad,Karnataka,3,22.09,1021.94,1109.57,3.29,17.78,81.76,51.36,65.73,6.32,78.74,85.21,99.69,-87.55,45.17,40.41,52.14,79.32,79.05,24.48,,mid,emerging
Uttara Kannada,Karnataka,3,18.16,1011.34,723.92,1.28,11.59,84.34,49.18,69.32,7.36,80.39,57.88,99.27,93.61,29.56,33.26,44.61,89.61,73.42,32.02,,mid,emerging
Haveri,Karnataka,2,25.43,977.51,805.46,4.15,16.54,71.52,39.99,44.62,8.38,73.3,58.65,97.17,95.71,29.91,34.98,50.79,68.87,60.67,28.77,,mid,emerging
Bellary,Karnataka,2,23.64,1038.1,1071.98,3.22,22.23,64.44,39.92,62.3,5.63,67.47,56.36,95.74,-71.46,36.08,36.51,58.11,64.13,76.19,25.66,,mid,emerging
Chitradurga,Karnataka,3,22.45,1023.01,1050.48,7.8,20.69,75.61,48.28,72.47,5.0,66.27,79.32,98.32,-94.6,35.98,32.35,44.58,63.05,80.59,35.33,,mid,emerging
Davanagere,Karnataka,3,21.93,967.27,796.58,4.88,19.1,75.98,47.07,46.9,11.46,62.99,63.05,98.31,-79.35,38.41,32.76,51.72,83.28,79.07,25.22,,mid,emerging
Shimoga,Karnataka,3,22.91,1010.38,1110.7,2.44,11.08,79.81,49.06,76.36,5.26,58.71,79.43,99.66,-96.07,29.02,34.42,41.89,85.44,85.65,26.54,,mid,emerging
Udupi,Karnataka,3,19.49,1147.71,1093.16,0.72,4.41,90.26,55.42,71.33,7.08,75.13,59.4,98.88,89.93,23.12,21.02,47.27,94.45,67.77,50.87,,mid,emerging
Chikmagalur,Karnataka,3,19.39,1040.57,849.42,5.49,19.48,82.89,48.32,79.57,3.83,69.5,74.3,98.39,-91.02,27.27,25.44,40.79,92.31,78.97,29.97,,mid,emerging
Tumkur,Karnataka,3,21.21,1085.37,1132.92,4.65,24.8,81.87,58.92,75.77,5.34,68.58,80.35,100.0,-97.71,40.31,26.72,49.28,86.14,85.26,30.95,,mid,emerging
Bangalore,Karnataka,3,20.62,1006.48,1162.84,2.03,14.47,87.27,70.05,73.0,4.72,75.34,74.6,99.34,-78.16,31.26,28.09,35.54,90.41,97.2,28.83,,mid,emerging
Mandya,Karnataka,3,18.06,1122.17,1041.34,5.93,13.13,78.3,52.54,78.5,3.75,85.56,90.07,99.45,-93.93,24.27,16.65,47.02,86.67,90.48,39.94,,mid,emerging
Hassan,Karnataka,3,20.23,1101.64,872.22,6.37,16.15,82.04,51.26,77.48,5.22,67.63,75.77,100.0,-96.8,27.12,23.81,42.22,87.87,86.13,36.89,,mid,emerging
Dakshina Kannada,Karnataka,3,19.84,1062.81,1037.82,1.01,4.89,92.72,62.79,60.17,9.54,86.14,82.0,100.0,-86.79,25.1,26.35,38.75,97.1,82.04,36.29,,mid,emerging
Kodagu,Karnataka,3,21.23,1168.41,1189.95,3.19,12.83,88.5,58.86,72.32,5.55,70.56,74.36,98.43,-90.56,30.41,22.59,39.85,93.86,78.32,45.63,,mid,emerging
Mysore,Karnataka,3,20.71,1076.71,1123.46,6.99,17.5,78.92,49.64,77.29,5.57,82.02,85.74,100.0,-97.17,27.5,28.23,47.97,86.44,94.73,26.24,,mid,emerging
Chamarajanagar,Karnataka,3,19.43,1037.18,953.16,6.14,19.29,72.36,41.69,79.43,3.38,83.18,84.11,100.0,-93.33,32.21,28.73,46.32,75.16,88.96,34.37,,mid,emerging
Gulbarga,Karnataka,1,26.75,1023.34,976.11,4.93,29.84,68.24,42.03,53.04,12.6,59.31,53.63,88.66,75.25,34.51,36.18,56.03,36.53,58.52,17.36,,mid,low
Yadgir,Karnataka,1,29.24,1020.25,922.28,6.91,33.19,48.05,26.43,63.74,7.47,57.41,63.59,93.34,82.63,57.6,45.24,57.3,37.37,48.79,16.74,,mid,low
Kolar,Karnataka,3,21.75,1029.59,919.0,9.02,26.69,78.28,55.01,71.92,5.12,78.03,90.91,99.6,-86.28,31.09,15.67,43.6,89.22,89.92,33.89,,mid,emerging
Chikkaballapura,Karnataka,3,21.71,1067.01,1109.88,5.3,27.06,76.32,47.96,77.43,3.78,82.6,90.52,98.97,-76.64,31.32,25.15,45.53,84.91,89.35,26.12,,mid,emerging
Bangalore Rural,Karnataka,3,20.46,986.33,1176.67,6.44,14.11,83.81,56.3,76.33,5.9,81.82,90.92,100.0,92.67,36.57,23.84,44.24,88.8,93.56,34.88,,mid,emerging
Ramanagara,Karnataka,3,18.14,1064.36,780.66,5.73,11.81,82.67,54.45,77.49,5.06,91.84,88.74,100.0,-100.0,15.62,19.8,45.46,89.63,91.98,35.71,,mid,emerging
Kasaragod,Kerala,3,24.07,1134.41,983.94,3.66,4.74,95.91,68.31,46.64,12.51,97.42,91.18,100.0,92.45,25.34,21.42,35.35,98.85,73.5,44.01,,mid,emerging
Kannur,Kerala,3,23.89,1202.76,880.19,2.35,5.38,99.08,74.1,54.22,12.7,94.82,78.27,100.0,77.7,19.36,17.93,39.72,99.46,70.39,47.93,,mid,emerging
Wayanad,Kerala,3,21.18,1018.58,1002.71,2.57,8.42,93.72,68.04,69.52,5.6,97.64,94.19,100.0,-86.37,31.33,22.5,26.94,97.62,55.73,64.75,,mid,emerging
Kozhikode,Kerala,3,19.91,1112.48,1000.03,3.79,4.23,99.05,84.28,58.5,9.55,98.3,91.75,100.0,-88.78,21.31,18.85,29.83,99.63,73.83,61.11,,mid,emerging
Malappuram,Kerala,3,26.97,1100.62,806.92,2.58,15.27,99.15,69.51,41.52,13.76,95.3,90.42,100.0,80.27,29.36,21.36,34.74,99.85,59.02,42.76,,mid,emerging
Palakkad,Kerala,3,19.32,1147.87,1011.69,4.38,14.12,94.4,63.16,51.88,10.79,97.69,68.39,100.0,-51.82,29.67,27.73,49.64,98.96,67.48,53.79,,mid,emerging
Ernakulam,Kerala,3,18.8,1046.03,1034.04,0.0,2.85,99.32,83.76,61.49,10.73,92.6,82.18,99.12,-82.61,22.02,19.42,31.65,99.31,88.35,46.24,,mid,emerging
Idukki,Kerala,3,19.02,1028.96,858.8,2.72,7.08,94.38,73.23,67.77,9.38,93.32,74.25,100.0,-89.64,24.25,23.55,32.02,97.52,54.29,58.1,,mid,emerging
Alappuzha,Kerala,3,16.63,1107.87,1484.97,2.9,3.8,99.7,78.83,56.9,12.25,85.13,65.68,99.38,-61.89,20.08,20.4,31.88,99.17,79.21,60.43,,mid,emerging
Kollam,Kerala,3,18.89,1170.7,1134.92,0.0,1.83,98.22,80.56,60.53,11.88,92.57,79.28,100.0,-85.36,15.49,16.99,35.96,97.54,80.14,56.01,,mid,emerging
Thiruvananthapuram,Kerala,3,20.33,1144.5,1000.04,4.55,6.2,98.48,83.05,38.54,19.28,87.7,55.33,99.45,-72.82,19.53,15.21,32.98,95.43,72.2,48.68,,mid,emerging
Leh(Ladakh),Ladakh,3,20.99,966.82,949.17,0.0,2.47,76.39,49.77,54.19,7.05,80.92,69.63,96.4,-88.88,24.25,18.95,93.5,42.39,93.49,16.18,,mid,emerging
Kargil,Ladakh,3,24.53,975.18,1335.52,0.0,2.46,77.22,50.31,41.58,8.76,91.02,88.01,93.72,-87.46,36.54,21.78,92.01,42.25,58.06,13.56,,mid,emerging
Lakshadweep,Lakshadweep,3,22.34,1187.0,1050.75,1.13,1.32,96.5,67.79,30.14,12.26,99.6,88.31,99.61,-86.14,32.02,25.78,25.8,99.8,59.43,60.11,,mid,emerging
Sheopur,Madhya Pradesh,1,30.97,962.77,974.44,5.16,39.49,54.76,15.93,63.5,8.96,73.18,41.01,84.16,65.79,45.75,37.67,64.91,47.99,22.92,27.11,,mid,low
Morena,Madhya Pradesh,2,31.07,964.34,1086.55,6.71,27.79,70.71,25.59,51.83,15.02,82.47,64.92,94.76,69.73,39.96,29.62,67.45,62.68,32.57,36.27,,mid,emerging
Bhind,Madhya Pradesh,2,28.54,978.56,968.06,5.54,25.06,73.79,28.91,48.5,17.21,82.64,63.12,93.53,70.74,32.23,29.03,69.86,79.86,30.96,30.98,,mid,emerging
Gwalior,Madhya Pradesh,2,24.36,902.05,752.6,3.28,11.8,78.1,37.93,51.49,13.42,86.21,68.85,94.75,80.45,40.14,32.98,62.5,83.16,69.8,40.62,,mid,emerging
Datia,Madhya Pradesh,2,24.09,916.0,658.4,5.95,27.66,71.16,27.84,66.25,7.35,76.46,54.16,89.44,79.61,36.77,29.42,58.63,66.78,31.2,30.87,,mid,emerging
Shivpuri,Madhya Pradesh,2,27.83,897.8,962.5,6.7,32.51,62.45,21.23,55.53,12.65,75.9,52.71,94.46,63.05,39.18,36.05,51.05,55.49,32.67,38.92,,mid,emerging
Tikamgarh,Madhya Pradesh,2,26.55,912.0,1104.71,5.39,32.63,70.63,25.82,71.0,4.07,84.67,64.15,89.8,-78.99,27.5,34.88,49.05,56.58,32.13,40.48,,mid,emerging
Chhatarpur,Madhya Pradesh,1,29.62,928.94,924.8,6.58,39.15,63.68,24.73,60.63,6.36,65.79,36.88,85.22,72.91,45.11,34.59,63.5,55.46,30.13,17.08,,mid,low
Panna,Madhya Pradesh,1,27.47,956.23,889.21,7.96,22.81,62.94,23.97,57.79,9.35,61.45,30.87,84.04,64.47,45.07,39.24,59.04,43.81,22.1,12.56,,mid,low
Sagar,Madhya Pradesh,2,26.94,937.49,938.89,6.4,21.41,74.33,32.87,60.92,8.0,62.56,35.91,86.89,75.89,42.66,35.75,49.76,68.81,32.74,27.47,,mid,emerging
Damoh,Madhya Pradesh,2,28.37,953.38,750.79,5.91,28.57,68.29,24.83,67.45,6.44,67.07,46.43,84.98,60.78,40.26,32.29,48.07,40.63,28.08,21.56,,mid,emerging
Satna,Madhya Pradesh,2,27.48,1014.42,657.72,0.71,12.89,73.02,31.46,61.2,9.12,68.58,51.5,85.53,-76.32,49.38,31.23,57.34,55.36,35.24,22.0,,mid,emerging
Rewa,Madhya Pradesh,1,28.63,1054.68,954.24,4.77,28.18,67.74,23.05,59.9,8.83,51.69,32.99,80.43,70.34,36.97,31.53,61.66,46.05,21.36,29.37,,mid,low
Umaria,Madhya Pradesh,2,26.09,1026.42,905.68,4.71,21.2,67.66,26.41,60.51,5.66,79.18,48.86,92.19,90.64,45.25,36.57,51.46,53.69,26.86,19.86,,mid,emerging
Neemuch,Madhya Pradesh,2,23.83,981.78,993.05,4.05,29.33,68.45,27.86,66.25,7.58,88.88,60.58,97.5,88.67,33.0,27.65,50.29,68.91,52.39,43.34,,mid,emerging
Mandsaur,Madhya Pradesh,2,22.92,973.72,1020.6,6.11,34.81,67.21,24.06,64.77,8.7,86.61,60.78,99.35,75.11,30.93,22.87,56.65,65.35,45.57,48.43,,mid,emerging
Ratlam,Madhya Pradesh,2,28.18,991.35,1066.7,7.61,31.28,63.41,23.84,68.31,7.0,80.16,65.09,95.19,93.0,28.99,28.6,59.5,69.4,53.09,37.89,,mid,emerging
Ujjain,Madhya Pradesh,2,23.68,956.56,957.52,5.07,33.35,66.31,29.01,72.86,6.41,67.04,60.25,97.11,93.65,34.69,36.16,54.54,72.83,60.71,35.74,,mid,emerging
Dewas,Madhya Pradesh,2,25.02,945.56,884.51,2.22,28.12,67.29,27.7,61.23,7.66,61.92,49.07,92.23,87.14,36.76,30.7,51.31,69.61,50.96,35.07,,mid,emerging
Dhar,Madhya Pradesh,2,26.89,990.6,1056.07,7.73,26.46,58.56,23.77,75.45,4.75,81.73,76.46,95.45,-75.37,28.82,35.88,50.24,61.94,44.76,30.25,,mid,emerging
Indore,Madhya Pradesh,3,23.77,986.8,996.49,4.21,21.69,81.71,47.71,79.57,4.02,86.35,74.59,96.5,84.57,28.69,24.88,48.05,90.02,86.88,40.31,,mid,emerging
Khargone (West Nimar),Madhya Pradesh,2,25.92,935.83,1042.87,6.75,13.28,61.74,27.23,75.04,5.54,72.77,61.33,92.76,77.44,31.4,43.99,50.1,73.82,61.58,43.66,,mid,emerging
Barwani,Madhya Pradesh,2,33.26,996.96,896.08,8.96,29.61,52.47,19.34,73.49,6.6,88.81,64.22,85.11,76.14,45.84,40.99,58.38,60.98,40.46,29.22,,mid,emerging
Rajgarh,Madhya Pradesh,2,26.52,969.25,971.37,5.35,46.0,56.5,21.34,59.71,8.7,75.06,55.15,91.7,71.89,27.64,26.82,52.33,47.84,24.81,27.12,,mid,emerging
Vidisha,Madhya Pradesh,2,29.0,924.42,960.3,7.76,22.79,68.89,21.74,64.64,5.93,84.88,54.44,90.61,77.96,36.54,34.41,38.5,65.19,31.78,48.16,,mid,emerging
Sehore,Madhya Pradesh,0,25.56,894.04,824.31,4.18,21.7,69.68,28.21,51.48,14.71,58.49,44.97,94.67,60.33,21.87,27.57,45.34,75.16,33.73,33.24,,mid,emerging
Betul,Madhya Pradesh,2,24.33,993.43,1049.2,2.39,11.2,76.06,38.65,70.67,4.63,76.92,74.02,87.61,80.91,30.75,31.39,56.21,59.83,36.02,51.27,,mid,emerging
Harda,Madhya Pradesh,2,24.27,961.91,890.74,3.93,9.98,73.94,30.77,75.45,5.24,75.47,71.85,88.36,90.8,38.83,34.72,62.62,68.8,57.62,33.32,,mid,emerging
Hoshangabad,Madhya Pradesh,0,24.74,951.04,949.54,5.17,16.67,73.55,35.53,27.97,17.72,42.37,31.46,91.75,73.45,34.84,27.23,51.88,68.49,47.31,28.62,,mid,emerging
Katni,Madhya Pradesh,2,25.31,978.5,958.21,1.71,17.19,72.03,32.45,64.07,6.04,73.55,52.88,91.75,-85.95,49.52,43.95,58.65,53.48,29.53,18.13,,mid,emerging
Narsimhapur,Madhya Pradesh,2,24.27,949.84,946.64,6.48,19.56,73.61,31.4,70.38,3.47,88.01,74.19,91.37,82.66,32.0,28.1,46.85,76.95,36.68,49.35,,mid,emerging
Dindori,Madhya Pradesh,2,27.17,1036.7,902.93,8.65,21.07,66.79,25.75,70.42,3.5,79.47,56.5,77.62,80.33,38.91,33.61,65.16,47.85,12.14,47.23,,mid,emerging
Mandla,Madhya Pradesh,2,25.05,1052.48,1130.4,2.64,14.97,69.07,30.52,74.31,3.58,81.69,54.42,87.61,88.87,32.05,32.99,60.62,58.43,22.3,42.64,,mid,emerging
Chhindwara,Madhya Pradesh,3,22.51,1032.35,1078.49,3.25,11.57,75.03,40.21,74.2,3.55,82.13,66.95,92.16,-65.26,23.89,32.84,41.67,77.09,43.59,48.45,,mid,emerging
Seoni,Madhya Pradesh,2,24.21,1089.43,1212.42,4.74,11.17,73.74,33.01,74.45,4.38,83.65,64.5,94.81,88.84,23.49,31.05,59.93,56.2,28.98,44.62,,mid,emerging
Balaghat,Madhya Pradesh,2,23.07,1037.0,978.54,0.58,4.37,79.79,39.22,70.13,6.47,55.64,69.12,95.1,-75.81,41.88,44.87,60.57,79.57,31.11,68.38,,mid,emerging
Guna,Madhya Pradesh,2,28.61,906.75,825.06,5.49,28.08,56.77,17.71,69.22,8.49,84.64,68.34,97.98,78.78,31.88,25.06,49.78,55.64,34.49,43.09,,mid,emerging
Ashoknagar,Madhya Pradesh,2,28.59,934.91,915.22,7.7,29.72,61.25,17.6,68.23,6.5,81.78,57.92,91.32,69.12,32.56,31.07,46.13,53.67,20.3,34.22,,mid,emerging
Shahdol,Madhya Pradesh,2,24.7,979.09,1032.32,5.78,27.51,72.07,30.74,58.33,9.23,74.21,57.38,85.63,86.13,43.97,39.17,56.41,61.41,26.54,58.42,,mid,emerging
Anuppur,Madhya Pradesh,2,24.11,1008.31,970.3,4.84,18.6,74.95,28.61,57.56,8.24,60.21,63.55,84.8,86.57,24.04,30.67,52.56,69.42,21.66,52.75,,mid,emerging
Sidhi,Madhya Pradesh,1,30.68,1052.51,763.33,3.64,22.97,71.7,27.14,58.56,6.38,72.72,39.35,83.79,78.17,39.08,32.79,55.66,44.71,20.86,26.12,,mid,low
Singrauli,Madhya Pradesh,2,29.54,914.6,884.45,4.44,24.72,65.36,29.92,50.03,12.45,72.92,58.07,69.85,76.92,37.29,36.02,54.11,52.57,31.67,58.46,,mid,emerging
Jhabua,Madhya Pradesh,1,38.87,1061.39,1155.72,6.69,36.48,38.6,15.99,71.61,5.81,92.93,63.61,92.85,88.88,49.33,41.66,58.81,57.63,17.46,43.7,,mid,low
Alirajpur,Madhya Pradesh,2,34.76,1008.29,941.62,5.88,30.7,42.13,17.29,72.22,6.78,67.0,54.71,83.17,84.13,34.6,31.56,60.46,84.69,17.37,42.53,,mid,emerging
Khandwa (East Nimar),Madhya Pradesh,2,26.03,998.58,1272.36,2.83,10.76,67.65,27.87,71.09,8.48,65.51,62.2,93.17,-87.94,38.42,35.34,64.83,76.65,48.3,38.07,,mid,emerging
Burhanpur,Madhya Pradesh,2,27.92,941.32,816.26,1.81,17.76,67.6,26.27,71.54,6.78,77.36,63.1,90.72,91.67,38.72,47.17,57.33,74.02,68.19,42.18,,mid,emerging
Agar Malwa,Madhya Pradesh,2,23.62,918.73,1212.12,5.28,35.56,59.44,19.29,72.98,3.44,70.05,76.53,98.88,-75.76,40.26,35.67,59.2,72.29,39.47,58.88,,mid,emerging
Shajapur,Madhya Pradesh,2,24.95,957.18,1011.76,5.91,24.43,61.98,19.61,71.78,6.14,85.79,64.68,98.14,89.98,27.82,27.61,45.83,74.51,37.71,34.33,,mid,emerging
Nandurbar,Maharastra,1,26.6,960.8,884.71,10.6,24.02,57.66,29.91,61.16,9.67,51.03,58.17,76.29,72.4,45.82,57.23,64.23,54.09,40.3,15.34,,mid,low
Dhule,Maharastra,1,27.34,999.46,919.11,14.98,40.51,68.75,40.76,50.3,13.11,61.15,63.17,77.2,56.61,37.6,46.04,61.24,58.9,65.05,19.83,,mid,low
Jalgaon,Maharastra,2,25.06,983.22,856.55,10.68,28.03,76.51,40.8,43.62,14.9,60.25,58.39,86.51,-61.32,36.34,36.88,65.19,59.73,79.46,11.89,,mid,emerging
Buldana,Maharastra,2,23.99,957.44,1035.79,5.73,24.07,79.88,41.84,78.06,4.39,73.6,72.7,93.94,-85.91,44.95,47.18,57.84,68.86,69.15,37.88,,mid,emerging
Akola,Maharastra,3,23.53,951.1,895.76,5.68,13.49,87.52,52.74,72.81,6.81,75.05,76.28,97.67,69.51,31.79,30.76,52.58,69.48,75.52,40.12,,mid,emerging
Washim,Maharastra,2,21.95,947.5,990.95,14.34,27.65,77.95,41.97,68.27,8.03,63.42,59.97,92.94,71.58,35.32,39.3,56.35,61.48,61.35,24.12,,mid,emerging
Amravati,Maharastra,3,21.14,994.42,1090.21,3.63,9.77,87.81,55.03,77.7,4.61,89.1,71.7,91.34,-92.48,29.04,38.03,53.38,75.71,71.72,31.87,,mid,emerging
Wardha,Maharastra,3,20.37,979.06,1173.04,2.24,9.04,92.95,56.5,78.09,6.59,87.87,70.37,98.79,-92.39,27.65,31.34,59.99,80.23,83.86,27.06,,mid,emerging
Nagpur,Maharastra,3,20.9,971.17,925.83,0.89,7.11,94.59,67.59,81.16,4.22,78.1,71.44,100.0,89.41,27.6,33.87,53.6,88.85,96.03,25.61,,mid,emerging
Bhandara,Maharastra,3,22.5,1004.44,897.2,3.04,1.49,89.09,53.93,75.64,6.1,83.72,78.97,100.0,-86.96,31.25,33.85,65.33,81.82,71.4,29.96,,mid,emerging
Gondiya,Maharastra,3,21.57,993.71,1050.44,0.0,6.53,87.52,54.11,77.84,7.82,69.0,66.2,99.14,-88.22,36.94,35.58,60.42,74.31,68.01,30.6,,mid,emerging
Gadchiroli,Maharastra,3,22.74,1047.91,1098.31,5.05,10.12,79.35,42.25,76.02,5.57,84.6,86.76,97.33,-97.87,35.71,35.41,66.16,62.39,60.53,33.28,,mid,emerging
Chandrapur,Maharastra,3,19.62,974.33,1024.92,3.1,9.0,87.79,57.47,78.14,4.48,76.59,68.49,99.62,-94.97,37.26,46.64,55.5,77.31,85.1,28.94,,mid,emerging
Yavatmal,Maharastra,2,22.12,985.87,1012.44,4.4,11.67,80.75,38.86,75.73,5.53,77.06,66.92,96.29,74.68,36.62,39.42,58.38,66.44,71.8,29.03,,mid,emerging
Nanded,Maharastra,2,24.76,970.09,888.12,8.68,32.18,71.91,31.59,67.28,9.23,62.49,53.48,94.81,75.65,35.98,35.18,57.34,68.04,64.54,15.73,,mid,emerging
Hingoli,Maharastra,2,24.83,961.97,838.16,14.42,37.06,76.54,33.19,72.85,10.35,82.5,66.61,94.04,76.88,37.39,38.86,51.26,69.04,53.1,14.66,,mid,emerging
Parbhani,Maharastra,1,29.5,965.81,983.27,13.68,47.95,73.36,28.81,41.49,18.49,58.55,47.35,85.61,51.99,37.63,41.8,58.84,60.05,54.76,10.5,,mid,low
Jalna,Maharastra,1,26.86,948.18,866.63,10.05,35.04,71.81,34.3,48.85,13.09,56.03,58.39,92.79,54.34,37.97,39.03,58.17,63.64,56.39,9.65,,mid,low
Aurangabad,Maharastra,2,27.35,978.43,875.05,12.37,35.83,83.1,48.36,46.01,17.1,65.21,57.21,94.8,56.65,34.22,42.9,52.38,69.11,78.44,12.44,,mid,emerging
Nashik,Maharastra,2,25.48,913.16,815.51,14.01,29.6,79.99,42.55,54.01,11.95,66.85,66.41,90.49,70.37,42.21,44.84,56.19,68.32,72.5,14.73,,mid,emerging
Raigarh,Maharastra,3,21.34,1003.12,870.75,7.52,15.97,79.15,44.96,70.87,6.13,83.81,83.14,96.55,-92.32,35.81,34.09,54.23,74.8,83.27,26.29,,mid,emerging
Pune,Maharastra,3,22.82,917.68,872.92,3.25,24.03,89.01,61.15,55.94,13.68,79.59,68.59,97.97,-58.08,30.7,32.66,51.93,79.62,89.49,14.42,,mid,emerging
Ahmadnagar,Maharastra,3,23.01,966.65,845.43,10.76,26.89,86.19,45.73,67.36,8.34,71.39,76.61,97.9,83.53,31.68,41.19,50.3,79.5,77.44,12.03,,mid,emerging
Bid,Maharastra,2,23.95,934.16,843.16,15.19,43.71,76.27,38.56,56.68,13.94,65.64,56.83,94.02,75.87,40.77,36.84,50.82,66.41,54.36,9.27,,mid,emerging
Latur,Maharastra,2,23.68,978.57,1264.94,14.18,30.96,83.29,40.68,77.17,4.59,74.59,72.64,94.71,79.2,43.17,33.94,50.71,72.46,78.47,33.59,,mid,emerging
Osmanabad,Maharastra,2,24.72,992.4,1049.74,16.06,36.59,83.7,41.54,77.11,6.41,83.93,89.15,98.08,89.27,37.23,32.48,49.14,71.17,69.66,14.82,,mid,emerging
Solapur,Maharastra,2,25.68,961.75,960.37,18.64,40.31,76.44,35.96,74.17,5.63,81.27,81.92,96.23,83.63,36.33,32.93,54.52,67.77,73.07,20.49,,mid,emerging
Satara,Maharastra,3,20.57,1048.91,958.23,7.71,18.13,87.18,48.25,72.82,6.2,77.53,81.69,97.1,-82.77,20.17,28.0,49.58,78.71,82.1,11.36,,mid,emerging
Ratnagiri,Maharastra,3,16.32,1069.03,947.89,1.19,4.38,87.2,41.22,60.48,10.37,64.58,78.56,97.79,-77.21,31.74,29.54,43.44,85.55,58.05,16.55,,mid,emerging
Sindhudurg,Maharastra,3,16.17,1034.71,874.18,1.07,5.0,92.07,49.4,56.81,12.11,70.33,73.35,100.0,-76.33,30.83,32.04,41.24,87.85,66.03,13.23,,mid,emerging
Kolhapur,Maharastra,3,20.72,1024.9,936.66,8.83,20.95,90.74,53.78,69.19,8.08,71.53,81.75,99.18,-67.24,33.58,34.65,50.05,82.03,84.68,16.45,,mid,emerging
Sangli,Maharastra,3,21.37,1027.44,1011.83,10.42,26.95,90.33,54.58,64.72,10.36,65.99,80.09,98.01,74.95,34.97,27.19,47.45,84.69,87.31,12.28,,mid,emerging
Palghar,Maharastra,3,22.6,963.15,747.23,4.67,14.61,77.61,48.28,65.96,8.2,84.68,86.32,94.18,-93.99,32.97,37.11,56.93,75.05,75.02,18.82,,mid,emerging
Thane,Maharastra,3,22.47,981.59,1029.32,4.03,18.37,90.49,55.92,57.12,10.32,58.88,70.19,93.62,-74.9,40.76,30.81,58.82,74.68,90.4,22.73,,mid,emerging
Senapati,Manipur,0,32.96,1053.3,937.55,6.33,15.46,81.89,39.57,17.49,8.5,73.93,64.92,45.75,64.96,27.31,12.85,27.35,84.38,49.95,15.35,,mid,emerging
Tamenglong,Manipur,0,33.2,1031.71,931.51,10.22,19.92,76.79,33.12,22.19,8.42,69.42,56.42,57.69,67.37,27.08,19.31,27.26,77.91,30.54,16.77,,mid,emerging
Churachandpur,Manipur,0,34.1,1144.31,1057.04,7.54,10.54,84.19,36.57,22.58,8.68,68.99,61.31,72.94,64.87,25.07,9.79,31.97,81.15,62.32,18.15,,mid,emerging
Bishnupur,Manipur,0,26.38,1093.95,944.93,5.12,20.87,88.38,48.67,21.56,20.03,84.2,77.39,89.5,66.61,15.5,11.67,35.75,52.62,71.28,9.31,,mid,emerging
Thoubal,Manipur,0,28.53,1095.31,908.85,7.51,17.54,85.4,40.72,17.83,5.97,90.6,89.88,87.8,74.24,31.48,14.86,24.16,61.25,74.71,19.14,,mid,emerging
Imphal West,Manipur,3,24.8,1040.57,1038.82,10.86,15.33,92.5,61.92,16.35,12.46,83.2,93.39,95.67,-74.1,15.58,10.17,26.8,58.71,88.57,15.68,,mid,emerging
Imphal East,Manipur,0,25.95,1058.52,936.18,9.52,15.15,90.03,49.94,16.94,16.74,78.6,87.1,91.65,76.19,18.38,14.4,35.89,59.47,78.97,6.97,,mid,emerging
Ukhrul,Manipur,0,30.87,968.93,996.36,9.83,11.14,86.89,49.72,12.3,12.73,58.25,38.81,44.58,39.36,27.14,15.97,21.92,81.44,22.86,17.03,,mid,emerging
Chandel,Manipur,0,29.8,1076.94,1008.45,9.94,22.34,80.17,43.34,23.56,10.97,77.6,66.62,55.52,55.54,33.98,14.7,27.27,85.2,52.0,16.11,,mid,emerging
South Garo Hills,Meghalaya,0,31.44,983.61,1010.83,1.09,10.18,88.57,38.42,33.3,25.33,68.73,33.25,88.28,-86.83,29.83,20.78,56.24,88.39,22.31,79.5,,mid,emerging
Ribhoi,Meghalaya,0,40.36,997.56,870.68,6.8,20.26,89.46,23.14,19.7,26.99,56.12,60.95,56.94,74.76,42.49,29.64,62.36,85.32,21.04,66.84,,mid,emerging
East Khasi Hills,Meghalaya,0,34.25,1049.3,851.44,8.16,14.56,93.74,43.5,10.63,33.03,56.71,57.45,63.41,49.12,44.64,23.82,48.19,80.92,47.38,47.09,,mid,emerging
East Garo Hills,Meghalaya,0,31.05,1025.95,1426.99,2.24,13.69,86.67,40.45,35.75,20.96,59.24,25.52,73.82,72.4,39.73,26.54,50.85,83.92,29.09,71.85,,mid,emerging
East Jantia Hills,Meghalaya,1,46.13,1065.56,1014.83,14.35,25.28,76.01,22.97,23.99,26.03,55.54,58.62,48.4,74.42,49.83,23.59,43.9,83.57,26.53,74.1,,mid,low
North Garo Hills,Meghalaya,0,29.19,1008.8,893.7,3.73,13.19,86.14,38.43,17.67,25.23,40.3,24.28,61.52,-47.53,35.64,15.83,58.36,84.89,24.44,60.84,,mid,emerging
South West Garo Hills,Meghalaya,0,30.32,994.72,1036.28,6.3,15.27,82.57,32.98,32.28,30.37,57.04,28.51,83.68,85.36,32.24,26.36,62.48,71.37,33.92,75.08,,mid,emerging
South West Khasi Hills,Meghalaya,1,46.67,1024.69,1032.28,13.18,21.58,85.93,23.42,15.69,26.17,48.5,63.35,41.69,78.84,51.37,27.61,58.89,89.6,11.6,72.34,,mid,low
West Garo Hills,Meghalaya,0,30.79,1024.68,1395.94,1.03,10.35,88.99,45.11,39.91,19.67,65.14,48.03,89.63,-77.05,39.5,26.26,55.34,86.31,47.56,77.86,,mid,emerging
West Jaintia Hills,Meghalaya,1,44.79,1143.2,1036.3,11.92,19.92,80.02,24.65,17.53,29.27,43.95,43.12,42.17,59.7,48.72,28.34,55.92,75.1,20.72,65.6,,mid,low
West Khasi Hills,Meghalaya,1,50.56,1038.25,983.93,12.88,30.33,87.37,16.41,15.32,25.78,45.29,64.0,41.74,62.52,58.99,31.06,51.8,87.78,8.61,60.12,,mid,low
Chandel,Mizoram,0,29.8,1076.94,1008.45,9.94,22.34,80.17,43.34,23.56,10.97,77.6,66.62,55.52,55.54,33.98,14.7,27.27,85.2,52.0,16.11,,mid,emerging
Mamit,Mizoram,0,30.72,991.18,794.36,10.31,16.82,89.63,39.97,41.31,17.01,64.48,52.48,74.96,85.87,26.41,13.93,34.89,92.69,73.27,61.7,,mid,emerging
Kolasib,Mizoram,0,28.58,1002.45,860.26,2.16,13.68,96.86,41.66,37.9,15.59,72.71,65.98,91.36,80.35,30.4,12.62,37.66,96.81,87.5,61.05,,mid,emerging
Aizawl,Mizoram,0,25.08,1051.82,1042.16,2.0,3.24,98.86,60.67,21.03,23.98,82.79,68.51,97.44,66.39,25.34,9.64,31.68,96.06,95.38,37.46,,mid,emerging
Champhai,Mizoram,3,27.17,944.43,726.47,4.55,11.04,97.73,47.8,49.55,11.24,79.96,63.43,96.67,-85.25,27.22,13.08,25.74,98.3,79.44,64.92,,mid,emerging
Serchhip,Mizoram,0,29.01,980.64,1084.3,3.02,7.17,99.72,43.06,39.44,15.93,77.55,60.25,96.18,84.67,31.77,14.39,32.12,98.2,81.78,58.83,,mid,emerging
Lunglei,Mizoram,0,24.56,1004.28,875.63,3.78,4.75,91.58,46.26,32.96,15.36,68.78,56.72,82.69,-73.84,26.46,11.06,34.85,95.58,79.88,46.52,,mid,emerging
Lawngtlai,Mizoram,0,32.81,1050.77,1131.31,9.2,15.97,75.99,32.15,29.05,17.33,51.52,33.01,53.68,70.2,32.72,16.91,48.52,90.32,56.26,31.29,,mid,emerging
Mon,Nagaland,0,23.46,1006.44,775.34,2.83,2.98,78.22,24.25,55.62,3.68,44.58,9.66,21.4,62.38,35.51,23.34,30.23,86.44,13.0,39.26,,mid,emerging
Mokokchung,Nagaland,0,20.4,1041.07,1074.99,0.71,5.96,94.04,55.76,52.48,6.44,51.61,18.21,51.48,-92.03,31.44,22.91,25.04,96.72,46.2,22.3,,mid,emerging
Zunheboto,Nagaland,0,22.21,1131.58,1207.42,3.53,3.99,87.13,40.17,56.47,2.79,46.53,11.21,34.98,-60.65,44.01,44.48,31.12,88.94,18.58,18.06,,mid,emerging
Wokha,Nagaland,0,21.37,1104.61,1245.1,5.24,3.23,91.63,45.26,50.12,3.15,57.83,34.7,43.59,-42.8,26.31,28.02,30.92,88.47,41.23,20.6,,mid,emerging
Dimapur,Nagaland,0,24.5,1009.99,910.78,3.28,4.41,86.62,52.45,38.43,14.34,71.43,50.08,73.71,-55.86,28.27,29.84,34.74,81.14,84.2,5.66,,mid,emerging
Phek,Nagaland,0,24.29,1020.91,880.3,4.34,6.53,85.82,39.39,47.11,6.45,50.06,9.48,32.2,54.59,28.0,15.55,29.95,90.07,24.19,24.93,,mid,emerging
Tuensang,Nagaland,0,32.8,945.82,902.21,6.72,10.43,77.77,27.03,37.36,12.89,27.07,4.36,34.84,39.94,37.12,34.19,28.77,92.01,19.68,21.99,,mid,emerging
Longleng,Nagaland,0,28.75,968.95,922.48,6.45,11.0,82.0,23.8,56.34,4.26,42.32,15.39,38.68,53.02,34.06,25.74,34.57,86.63,11.81,38.27,,mid,emerging
Kiphire,Nagaland,0,32.37,953.65,871.34,8.96,22.54,73.69,22.01,32.68,17.32,27.23,5.77,34.77,42.84,36.87,25.03,31.39,83.09,16.44,8.76,,mid,emerging
Kohima,Nagaland,0,18.69,954.05,1074.87,1.26,1.02,95.23,70.9,46.66,9.06,61.91,28.31,66.88,-82.83,28.25,22.08,14.91,87.44,61.68,26.72,,mid,emerging
Peren,Nagaland,0,28.52,1079.39,896.25,4.38,9.05,77.59,35.53,41.99,6.15,45.09,14.54,43.47,63.3,34.88,20.72,29.72,89.4,31.37,5.4,,mid,emerging
Central,NCT of Delhi,3,23.93,901.12,994.19,4.02,11.18,84.69,57.05,49.81,9.41,70.38,73.06,92.2,-82.05,33.46,25.5,44.62,76.99,98.81,22.61,,mid,emerging
East,NCT of Delhi,3,24.55,885.18,819.62,1.26,12.84,84.32,57.23,60.33,2.59,85.71,89.66,92.57,74.61,35.21,29.91,42.47,78.01,99.08,30.67,,mid,emerging
New Delhi,NCT of Delhi,3,25.28,858.68,897.69,5.18,10.21,83.85,57.87,59.85,5.29,83.2,80.06,91.76,82.17,27.35,20.66,55.96,69.44,98.33,25.18,,mid,emerging
North,NCT of Delhi,0,25.89,904.99,1083.89,8.15,17.0,81.86,53.87,47.31,15.66,55.02,50.64,89.74,66.23,24.95,17.43,47.19,70.19,98.06,18.05,,mid,emerging
North East,NCT of Delhi,3,25.78,906.45,935.55,1.61,4.99,85.06,59.8,57.76,5.08,81.62,86.19,89.19,86.4,38.69,21.8,45.87,89.52,99.73,19.36,,mid,emerging
North West,NCT of Delhi,3,24.4,903.92,877.93,3.65,10.13,86.4,62.91,60.49,5.26,84.84,77.93,93.97,78.28,26.87,22.76,51.38,88.22,99.09,28.21,,mid,emerging
Shahdara,NCT of Delhi,3,23.24,934.62,975.84,3.6,7.26,85.45,58.37,56.1,4.58,80.84,88.91,95.8,-82.51,32.91,30.17,49.22,83.37,99.79,21.53,,mid,emerging
South,NCT of Delhi,3,22.89,921.78,984.88,1.46,6.58,86.62,61.64,61.98,2.55,82.7,85.57,81.97,-86.15,33.37,18.94,46.23,89.46,97.69,28.68,,mid,emerging
South East,NCT of Delhi,3,22.13,948.71,951.41,2.61,7.54,86.78,65.5,65.15,2.58,84.23,83.24,96.14,-64.64,21.68,20.4,47.93,83.76,99.1,24.45,,mid,emerging
South West,NCT of Delhi,3,22.81,881.27,700.83,4.71,7.54,88.26,68.44,60.82,4.58,83.83,90.97,92.51,-77.28,27.11,16.82,56.35,86.15,99.31,37.72,,mid,emerging
West,NCT of Delhi,3,25.41,952.62,931.97,1.21,10.49,83.23,56.31,56.57,7.03,65.31,67.06,91.75,67.52,36.12,18.98,57.15,76.82,98.99,20.96,,mid,emerging
Bargarh,Odisha,2,22.18,956.54,950.1,3.3,8.57,75.73,37.36,55.7,5.05,80.88,70.1,99.59,95.9,38.85,30.02,62.61,61.91,31.88,45.51,,mid,emerging
Jharsuguda,Odisha,3,19.64,955.8,793.15,1.04,8.52,81.01,40.9,50.34,3.71,92.64,94.06,98.58,-97.63,27.05,26.92,67.82,69.99,41.78,37.74,,mid,emerging
Sambalpur,Odisha,2,22.56,1067.36,1061.14,0.85,7.36,76.55,36.46,58.11,9.11,78.96,88.95,99.52,-97.97,40.71,36.34,66.67,62.36,42.56,49.32,,mid,emerging
Debagarh,Odisha,2,24.99,1053.36,822.35,8.52,19.21,69.53,31.26,42.83,6.76,75.22,77.52,91.22,-100.0,28.39,34.3,72.23,69.9,18.44,57.47,,mid,emerging
Sundargarh,Odisha,2,21.93,1030.43,809.4,5.44,12.93,74.12,35.58,47.89,2.42,81.33,73.07,91.34,-81.98,32.91,34.66,69.77,65.46,40.15,39.34,,mid,emerging
Kendujhar,Odisha,1,27.19,1114.81,984.45,12.23,28.99,66.96,29.54,45.79,3.79,70.67,57.05,80.43,85.97,36.16,37.05,69.22,47.59,27.89,43.26,,mid,low
Mayurbhanj,Odisha,1,25.98,1056.37,837.28,17.2,31.25,61.45,25.07,50.77,5.92,65.85,52.94,91.68,84.41,36.72,45.91,72.15,54.43,16.12,46.45,,mid,low
Baleshwar,Odisha,2,25.03,1073.48,865.65,8.27,26.38,76.46,38.25,49.73,9.27,62.48,56.61,97.58,94.05,24.42,22.59,61.76,70.86,28.43,40.58,,mid,emerging
Bhadrak,Odisha,2,26.79,1149.82,980.05,7.16,10.42,82.58,36.96,50.4,11.81,75.87,74.87,96.06,83.68,32.31,28.92,64.0,62.02,22.85,44.93,,mid,emerging
Kendrapara,Odisha,3,25.09,1127.3,859.74,1.8,9.38,86.74,42.5,34.28,12.25,76.18,77.1,96.66,-82.82,28.64,17.89,58.82,57.31,27.91,49.96,,mid,emerging
Jagatsinghapur,Odisha,3,20.39,1095.2,843.21,2.61,11.99,86.28,46.55,38.82,11.46,71.64,82.6,98.31,-91.27,13.16,10.97,59.82,60.05,30.49,56.84,,mid,emerging
Cuttack,Odisha,3,21.34,1019.42,745.29,5.67,14.23,83.15,40.86,47.03,3.65,73.63,84.2,98.86,-90.42,20.42,18.87,64.5,60.22,45.14,42.29,,mid,emerging
Jajapur,Odisha,2,25.39,1017.96,897.81,7.69,11.36,78.36,37.98,44.91,9.0,65.17,73.83,93.81,79.48,25.5,21.79,63.39,47.35,28.35,53.92,,mid,emerging
Dhenkanal,Odisha,2,25.36,1047.39,895.29,9.25,23.69,77.05,33.31,48.21,8.07,72.42,75.79,94.81,-88.6,33.31,30.0,65.93,58.2,28.78,55.16,,mid,emerging
Anugul,Odisha,2,24.49,1026.84,868.21,12.2,25.04,74.63,33.65,52.61,2.94,78.7,83.65,85.71,86.98,28.06,30.47,75.78,66.42,23.8,63.06,,mid,emerging
Nayagarh,Odisha,2,23.07,1082.93,844.8,10.0,35.67,81.86,27.14,43.68,4.55,86.01,90.27,98.29,-96.07,20.0,20.16,62.53,67.05,42.27,49.28,,mid,emerging
Khordha,Odisha,3,22.18,1024.07,810.21,5.28,17.11,85.7,43.2,42.36,7.36,85.13,91.02,97.78,-87.89,17.07,16.86,68.09,73.15,63.3,43.15,,mid,emerging
Puri,Odisha,3,21.59,1045.07,781.92,3.97,10.22,87.67,38.09,48.62,7.28,83.33,94.92,97.67,-95.78,13.78,11.32,63.34,67.33,34.42,61.45,,mid,emerging
Ganjam,Odisha,2,24.61,1165.14,855.13,11.44,22.27,71.86,32.58,46.7,16.94,77.56,82.72,93.01,88.46,23.94,18.88,56.72,72.89,63.73,51.88,,mid,emerging
Gajapati,Odisha,2,28.21,1087.03,998.96,5.83,28.07,50.52,22.47,53.85,5.44,79.31,83.04,76.37,92.58,43.35,34.33,66.12,58.26,28.93,39.62,,mid,emerging
Kandhamal,Odisha,2,29.01,1052.2,984.98,4.21,20.0,70.32,28.12,49.58,4.49,74.74,81.1,93.94,96.82,34.15,35.22,48.91,52.38,24.07,54.49,,mid,emerging
Baudh,Odisha,2,25.91,1008.56,844.15,13.65,25.25,71.01,29.88,45.29,5.21,78.78,79.04,93.36,91.82,37.04,38.58,54.13,52.94,30.85,44.73,,mid,emerging
Subarnapur,Odisha,2,23.51,973.98,924.01,6.29,16.88,79.24,37.8,56.98,5.78,84.28,87.78,96.08,97.95,29.64,34.5,58.79,66.68,41.57,45.8,,mid,emerging
Balangir,Odisha,2,23.9,1056.44,918.71,3.71,14.02,69.8,31.4,58.6,3.4,89.06,95.41,97.88,-95.8,32.68,37.64,59.35,66.27,32.57,43.98,,mid,emerging
Nuapada,Odisha,2,27.22,1060.12,1024.6,3.94,15.64,57.19,27.3,54.88,7.25,76.63,71.65,89.8,97.0,43.07,38.02,64.02,58.37,23.23,45.3,,mid,emerging
Kalahandi,Odisha,2,25.78,1051.18,903.45,1.89,16.33,63.75,26.45,48.6,3.96,80.07,82.85,92.75,-91.27,32.96,33.6,64.23,64.42,28.89,48.62,,mid,emerging
Rayagada,Odisha,1,30.88,1109.52,950.95,9.18,33.16,45.07,19.13,45.29,6.13,74.1,85.26,68.9,92.73,43.55,39.81,69.14,50.45,30.17,45.45,,mid,low
Nabarangapur,Odisha,1,31.8,1059.79,1044.57,8.34,39.41,40.95,15.54,56.25,3.43,82.12,87.67,87.56,94.84,44.11,46.61,69.25,44.13,19.02,48.41,,mid,low
Koraput,Odisha,1,29.67,1079.42,1013.98,8.4,35.54,41.68,17.63,56.0,6.61,87.14,79.19,82.07,97.95,43.08,33.46,58.23,39.42,31.53,54.58,,mid,low
Malkangiri,Odisha,1,34.06,1136.77,981.07,11.71,32.4,41.29,13.96,53.44,4.38,81.71,82.77,90.66,94.81,44.33,41.63,71.92,41.44,20.86,47.0,,mid,low
Yanam,Puducherry,3,21.83,1088.55,1154.3,4.83,15.9,83.32,51.57,78.5,1.24,95.46,79.84,100.0,-79.71,24.96,18.65,43.06,84.06,98.55,29.18,,mid,emerging
Puducherry,Puducherry,3,20.05,1105.71,963.27,5.31,5.69,91.7,67.17,62.08,11.38,82.19,86.96,99.54,-80.06,16.96,13.09,56.78,84.56,95.01,31.32,,mid,emerging
Mahe,Puducherry,3,16.8,1163.58,1202.13,0.7,2.76,99.69,88.18,65.93,6.76,93.66,85.0,100.0,-95.27,48.18,32.62,38.39,99.77,90.88,23.64,,mid,emerging
Karaikal,Puducherry,3,21.91,1132.03,883.95,0.59,7.24,89.63,58.98,57.9,10.16,79.18,88.34,99.55,-88.94,25.49,19.73,54.44,84.29,81.19,26.85,,mid,emerging
Kapurthala,Punjab,3,21.82,998.33,921.6,2.46,6.87,85.3,60.29,47.24,13.35,67.55,51.37,95.03,65.65,24.59,19.17,54.53,87.66,84.18,20.68,,mid,emerging
Jalandhar,Punjab,3,21.66,997.12,935.78,0.69,7.44,88.1,64.42,40.1,8.78,78.54,72.83,92.34,-91.27,24.81,16.66,57.04,88.24,82.34,25.89,,mid,emerging
Hoshiarpur,Punjab,3,19.88,998.93,970.18,1.58,4.68,92.75,73.17,46.29,11.88,80.11,59.67,98.34,-92.9,19.29,12.41,54.1,89.7,77.25,27.67,,mid,emerging
Shahid Bhagat Singh Nagar,Punjab,3,20.94,1003.62,832.62,2.78,6.41,89.94,65.43,49.43,10.75,79.87,60.45,99.33,-100.0,17.91,11.2,49.78,91.25,76.37,23.29,,mid,emerging
Fatehgarh Sahib,Punjab,3,21.07,898.95,843.75,1.5,7.32,87.23,62.34,44.1,7.74,74.29,75.97,96.59,83.55,29.98,18.24,65.08,87.6,74.34,35.08,,mid,emerging
Ludhiana,Punjab,3,21.34,918.48,964.24,1.83,6.45,85.28,61.55,50.49,8.25,61.75,65.19,90.12,-73.17,22.06,12.44,64.34,84.61,83.21,25.24,,mid,emerging
Moga,Punjab,3,22.75,905.7,1014.32,4.33,13.11,76.0,45.17,60.02,7.96,74.99,58.43,93.04,-80.58,22.02,16.8,54.38,87.76,71.49,23.65,,mid,emerging
Muktsar,Punjab,3,23.18,941.74,877.44,2.73,8.61,72.73,39.81,59.66,6.15,71.23,57.87,96.39,-57.58,35.0,30.72,60.95,82.94,72.9,23.86,,mid,emerging
Faridkot,Punjab,0,23.35,924.02,913.59,4.7,11.89,75.3,46.54,47.67,15.68,62.59,53.44,94.29,70.83,28.13,20.73,63.22,87.51,79.07,20.42,,mid,emerging
Bathinda,Punjab,0,21.53,860.94,820.39,3.87,14.16,72.47,41.06,40.74,17.69,52.13,48.23,93.12,-66.5,22.99,23.75,59.68,88.39,78.11,20.12,,mid,emerging
Mansa,Punjab,2,23.01,923.75,871.27,2.69,11.47,69.39,37.54,57.23,7.21,66.9,49.42,88.77,79.08,36.62,22.67,60.41,85.41,52.28,18.42,,mid,emerging
Patiala,Punjab,3,20.16,921.57,953.68,5.24,7.79,78.6,56.0,49.26,7.49,65.53,71.95,97.25,-74.65,20.32,16.93,65.32,88.06,80.38,33.77,,mid,emerging
Amritsar,Punjab,3,22.92,921.04,1036.73,4.43,9.17,81.68,56.71,57.62,9.67,70.91,56.49,95.9,-65.84,19.38,11.22,52.07,86.0,82.86,26.17,,mid,emerging
Tarn Taran,Punjab,3,25.83,978.01,889.77,5.2,10.72,68.61,40.38,60.69,8.0,66.42,60.25,95.97,81.79,23.77,14.37,61.73,82.01,66.21,24.96,,mid,emerging
Rupnagar,Punjab,3,21.5,990.88,1022.08,0.55,2.43,88.93,63.98,49.83,10.77,56.63,65.23,97.76,-76.47,15.05,15.28,64.49,83.97,63.92,37.75,,mid,emerging
Sahibzada Ajit Singh Nagar,Punjab,3,20.9,876.37,854.58,2.92,10.55,86.73,62.53,53.64,4.74,81.19,69.02,97.42,71.05,26.24,23.01,59.45,87.61,88.86,30.99,,mid,emerging
Sangrur,Punjab,3,21.19,936.52,798.2,1.38,8.04,79.79,54.4,48.15,12.3,66.5,47.71,94.66,-89.56,23.44,18.1,52.63,92.37,69.8,18.7,,mid,emerging
Barnala,Punjab,3,21.69,882.86,754.86,2.63,12.75,78.75,53.08,53.61,9.36,75.62,63.79,96.7,68.45,33.77,16.54,55.24,90.66,73.48,20.69,,mid,emerging
Fazilka,Punjab,3,23.7,943.8,951.09,2.64,12.37,72.77,41.27,56.29,7.09,65.15,36.47,91.67,-60.54,35.93,20.19,66.9,81.81,57.14,20.57,,mid,emerging
Firozpur,Punjab,3,23.71,957.66,891.87,1.87,10.51,75.74,47.45,63.27,5.38,67.23,48.44,95.53,74.53,30.03,22.01,61.45,84.77,68.61,21.03,,mid,emerging
Gurdaspur,Punjab,3,23.74,952.27,746.35,8.19,6.51,84.39,64.55,43.28,15.4,69.36,61.09,92.4,80.02,25.08,15.28,55.2,85.42,81.26,23.47,,mid,emerging
Pathankot,Punjab,3,20.88,952.22,755.68,2.67,4.58,90.47,74.04,42.65,10.48,63.53,52.42,94.8,-77.37,22.13,10.75,54.95,79.18,79.84,26.99,,mid,emerging
Ganganagar,Rajasthan,2,24.9,956.71,905.54,2.38,13.58,70.96,39.34,72.75,5.14,83.32,58.69,97.7,89.72,24.46,26.08,58.97,83.42,45.46,85.3,,mid,emerging
Hanumangarh,Rajasthan,2,25.11,1015.43,1116.85,2.81,18.62,69.72,38.43,70.69,6.13,84.39,53.12,94.94,83.26,24.15,21.25,60.27,83.79,36.2,89.0,,mid,emerging
Bikaner,Rajasthan,2,30.23,967.84,907.2,6.54,33.33,64.33,30.23,67.46,4.57,80.52,50.52,89.99,75.55,22.8,28.54,58.92,79.84,51.35,87.44,,mid,emerging
Churu,Rajasthan,2,28.98,1036.63,943.66,4.18,27.85,66.04,33.35,68.39,7.55,72.44,45.01,87.84,74.27,27.05,23.39,52.93,80.15,40.63,81.87,,mid,emerging
Jhunjhunun,Rajasthan,3,24.82,1062.83,946.16,0.78,18.07,76.06,45.24,69.06,7.08,80.12,49.15,97.12,88.69,20.89,19.55,55.36,78.97,55.5,86.13,,mid,emerging
Alwar,Rajasthan,2,29.36,991.31,1127.08,7.98,32.24,65.64,35.09,47.34,12.0,55.52,29.97,91.27,59.37,33.94,23.97,53.15,65.99,34.9,80.75,,mid,emerging
Bharatpur,Rajasthan,1,31.66,969.92,845.08,5.14,33.46,63.05,30.3,48.42,11.28,55.36,33.23,92.12,64.06,40.27,29.13,60.78,62.66,24.34,84.77,,mid,low
Dhaulpur,Rajasthan,1,34.94,1002.45,929.29,7.22,29.56,59.91,27.01,52.87,10.87,67.85,42.43,94.42,85.89,45.69,31.31,68.48,57.47,36.45,89.02,,mid,low
Karauli,Rajasthan,2,32.09,996.37,863.38,7.03,33.47,54.82,22.68,61.21,6.93,64.95,42.02,97.56,88.91,37.61,37.32,61.48,49.94,24.23,86.35,,mid,emerging
Sawai Madhopur,Rajasthan,2,28.85,999.02,849.06,2.92,35.39,57.35,28.34,50.15,11.49,65.38,47.31,97.4,54.85,26.93,24.19,57.48,71.2,29.1,80.54,,mid,emerging
Dausa,Rajasthan,2,29.22,985.81,863.34,2.96,26.25,62.18,34.58,68.67,5.19,81.01,53.64,98.17,92.11,37.66,33.49,60.32,59.43,22.59,91.21,,mid,emerging
Jaipur,Rajasthan,2,25.63,944.24,915.34,1.83,23.07,73.75,47.88,66.65,5.44,81.34,53.5,97.33,89.26,25.0,20.75,54.14,79.58,60.05,81.53,,mid,emerging
Sikar,Rajasthan,2,27.46,1061.29,769.52,2.97,18.03,73.26,41.42,63.33,10.29,75.91,50.42,95.76,69.98,23.13,18.27,43.96,77.91,58.41,82.37,,mid,emerging
Nagaur,Rajasthan,2,27.6,1054.97,816.93,0.86,28.18,67.77,32.33,69.25,4.38,77.12,46.15,96.96,80.6,31.52,26.19,45.27,79.04,45.68,90.02,,mid,emerging
Jodhpur,Rajasthan,2,30.27,1042.24,872.0,5.1,28.05,68.18,34.57,66.35,5.72,71.89,56.71,90.03,81.16,32.59,25.44,43.35,75.44,56.14,87.5,,mid,emerging
Jaisalmer,Rajasthan,2,32.93,986.52,817.56,0.95,28.88,63.53,18.71,68.18,5.59,64.59,47.59,90.01,72.02,25.5,31.66,44.44,75.74,30.86,93.66,,mid,emerging
Barmer,Rajasthan,2,31.4,985.65,876.96,2.02,20.23,67.64,25.6,66.71,5.11,82.71,64.93,93.31,92.85,39.06,31.7,49.4,83.62,26.79,97.79,,mid,emerging
Jalor,Rajasthan,2,31.05,982.4,769.11,2.92,23.29,62.62,22.2,46.15,14.81,82.06,71.22,95.52,77.97,44.27,36.52,59.87,77.38,36.53,96.61,,mid,emerging
Sirohi,Rajasthan,2,29.53,1060.25,1064.17,4.39,17.95,62.22,25.67,61.48,8.87,73.06,69.52,95.71,86.36,30.66,31.18,64.03,54.12,45.96,91.96,,mid,emerging
Pali,Rajasthan,2,27.31,1084.73,997.84,2.19,11.81,76.33,36.64,47.61,12.94,69.34,45.02,98.81,90.15,35.86,35.91,58.79,81.81,53.14,96.21,,mid,emerging
Ajmer,Rajasthan,2,26.73,992.98,847.95,5.54,20.2,70.17,40.19,56.6,11.87,80.43,52.81,95.11,78.93,22.31,23.11,52.74,77.45,52.86,88.73,,mid,emerging
Tonk,Rajasthan,2,25.9,987.14,969.44,3.12,37.21,56.36,27.29,61.26,8.74,78.76,66.17,97.37,75.34,33.1,28.15,52.84,66.17,24.08,84.52,,mid,emerging
Bundi,Rajasthan,2,28.38,1002.0,803.22,2.32,34.05,57.88,27.36,66.64,7.07,80.95,73.99,95.25,75.72,29.99,29.12,55.85,56.29,26.45,87.66,,mid,emerging
Bhilwara,Rajasthan,2,29.15,1068.86,802.07,5.37,41.78,58.06,25.28,58.85,7.2,77.98,64.66,95.01,83.23,22.57,23.5,50.39,62.25,26.5,89.05,,mid,emerging
Rajsamand,Rajasthan,2,27.64,1064.71,800.29,3.16,27.46,69.74,33.94,50.66,14.66,84.83,60.68,95.1,71.67,30.29,23.74,58.37,72.05,37.09,93.22,,mid,emerging
Dungarpur,Rajasthan,2,28.82,1028.55,842.88,4.41,16.92,68.19,32.53,60.76,5.86,77.03,50.62,94.11,83.27,31.37,25.87,72.55,59.9,27.26,97.53,,mid,emerging
Banswara,Rajasthan,2,31.67,1056.23,834.8,5.19,24.96,54.82,28.54,58.53,8.05,87.01,69.88,97.7,82.99,44.62,38.69,52.82,40.8,21.13,84.23,,mid,emerging
Chittaurgarh,Rajasthan,2,26.11,1036.96,861.48,3.45,42.64,57.49,24.84,49.64,8.05,85.5,75.04,96.75,87.84,31.43,25.92,45.14,63.83,31.25,90.55,,mid,emerging
Kota,Rajasthan,3,23.92,980.88,870.08,0.45,13.23,77.94,44.0,68.28,4.63,88.04,81.34,97.87,84.37,29.52,26.41,51.75,79.03,72.3,80.88,,mid,emerging
Baran,Rajasthan,2,28.43,1019.13,1077.25,3.02,26.77,59.74,24.43,71.79,4.04,88.21,79.31,97.28,89.25,45.95,40.2,60.07,58.98,39.59,89.48,,mid,emerging
Jhalawar,Rajasthan,2,25.65,976.84,904.73,5.61,37.84,56.26,22.35,67.8,6.78,89.93,72.32,98.31,81.45,34.01,38.07,51.52,62.08,33.84,93.63,,mid,emerging
Udaipur,Rajasthan,2,27.55,997.53,833.38,4.53,18.24,64.22,30.13,65.72,4.36,69.61,62.32,96.05,86.79,34.03,26.64,60.49,60.28,34.29,94.3,,mid,emerging
Pratapgarh,Rajasthan,2,30.73,1038.19,918.8,3.19,30.86,55.36,23.47,61.81,6.02,75.05,52.93,96.35,75.82,29.02,31.82,53.14,46.28,23.01,84.47,,mid,emerging
North  District,Sikkim,3,21.0,997.22,692.9,3.75,15.98,81.35,37.72,60.95,12.83,66.18,59.36,97.33,-90.77,31.75,15.3,36.65,83.82,65.92,24.47,,mid,emerging
West District,Sikkim,3,19.21,959.08,684.88,2.53,14.05,85.73,43.92,70.82,4.27,75.76,70.36,99.33,-96.91,25.18,19.26,42.65,88.93,69.8,19.87,,mid,emerging
South District,Sikkim,3,19.93,973.22,1352.66,8.7,9.91,90.46,45.7,67.57,5.19,78.05,84.49,97.41,-86.43,24.81,7.17,39.81,91.71,66.54,20.77,,mid,emerging
Thiruvallur,Tamil Nadu,3,21.62,979.44,991.1,5.82,13.39,85.9,57.18,65.99,9.31,77.64,85.35,100.0,-88.57,18.07,20.58,56.83,75.58,93.42,57.37,,mid,emerging
Chennai,Tamil Nadu,3,18.01,1037.32,858.75,2.97,1.94,96.1,76.72,63.64,6.86,81.42,89.86,100.0,-96.55,20.35,21.85,50.28,90.43,97.71,58.23,,mid,emerging
Kancheepuram,Tamil Nadu,3,19.19,1001.69,888.67,2.47,9.98,84.45,56.78,67.31,7.17,62.64,76.07,100.0,-69.05,20.58,19.81,56.97,75.86,88.06,59.7,,mid,emerging
Vellore,Tamil Nadu,3,22.41,1070.35,721.59,4.85,14.89,84.72,52.45,63.2,6.69,84.39,95.4,99.53,92.72,29.8,19.69,50.59,76.2,85.3,71.36,,mid,emerging
Tiruvannamalai,Tamil Nadu,3,20.94,1108.56,847.8,8.49,11.64,81.66,50.17,68.65,5.09,81.22,97.65,99.05,-97.06,30.63,24.96,56.55,61.69,70.74,69.6,,mid,emerging
Viluppuram,Tamil Nadu,3,24.77,1119.57,915.6,7.92,19.01,77.83,45.72,68.61,7.4,80.1,94.88,99.11,-88.51,23.88,20.52,62.53,53.83,68.64,77.56,,mid,emerging
Salem,Tamil Nadu,3,20.09,1057.14,900.12,8.86,23.68,83.16,51.29,64.13,5.6,74.7,85.04,100.0,-77.02,23.62,20.77,46.33,64.51,84.48,67.49,,mid,emerging
Namakkal,Tamil Nadu,3,17.3,1142.4,1130.43,6.52,14.24,88.93,55.66,62.33,6.51,76.16,97.83,100.0,-83.89,25.21,15.67,51.93,75.23,89.66,68.76,,mid,emerging
Erode,Tamil Nadu,3,18.18,1112.41,807.1,14.79,13.7,83.05,57.8,67.43,4.94,87.8,93.93,100.0,-95.88,19.39,26.87,55.43,67.64,95.9,77.67,,mid,emerging
The Nilgiris,Tamil Nadu,3,19.72,1092.59,1035.36,4.53,11.08,90.62,63.38,74.65,6.0,79.95,92.46,100.0,-90.11,26.66,23.23,44.17,83.58,81.47,74.54,,mid,emerging
Dindigul,Tamil Nadu,3,24.37,1065.81,815.79,8.64,20.46,81.01,50.06,71.39,6.28,71.88,96.21,96.99,92.56,27.09,28.41,42.61,61.04,76.3,71.92,,mid,emerging
Karur,Tamil Nadu,3,19.12,1154.12,839.07,3.32,13.29,80.47,51.21,63.48,7.52,83.29,95.7,100.0,-82.47,33.61,36.28,65.04,63.56,72.46,74.6,,mid,emerging
Tiruchirappalli,Tamil Nadu,3,21.48,1122.99,918.84,4.51,13.48,84.79,57.09,61.51,11.09,86.13,90.51,98.6,-97.06,27.55,27.37,62.37,67.12,71.15,67.75,,mid,emerging
Perambalur,Tamil Nadu,3,22.57,1209.51,886.87,7.65,21.36,82.98,48.97,58.85,11.39,85.75,92.19,100.0,-92.54,29.12,22.26,66.06,57.38,75.13,75.53,,mid,emerging
Ariyalur,Tamil Nadu,3,22.39,1143.08,807.24,11.54,12.4,77.44,50.7,60.15,6.97,65.02,91.43,100.0,-90.75,25.33,20.07,62.42,54.64,46.69,71.13,,mid,emerging
Cuddalore,Tamil Nadu,3,22.92,1061.53,819.12,4.94,12.64,80.46,50.13,63.45,9.19,75.54,82.22,99.17,-79.03,20.22,17.98,58.57,61.32,75.61,64.4,,mid,emerging
Nagapattinam,Tamil Nadu,3,20.82,1148.26,799.16,5.16,6.29,89.25,53.73,61.93,8.51,89.41,93.13,99.65,-93.77,32.28,24.33,62.64,69.57,59.03,70.85,,mid,emerging
Thiruvarur,Tamil Nadu,3,19.62,1130.88,900.93,2.74,9.1,91.21,57.47,66.73,9.6,80.48,92.33,100.0,-97.05,19.75,21.5,58.2,71.02,58.94,75.24,,mid,emerging
Thanjavur,Tamil Nadu,3,19.58,1111.66,933.7,8.43,4.14,86.37,54.33,60.64,9.45,86.1,93.66,100.0,-78.48,19.55,21.88,59.04,79.62,69.42,70.63,,mid,emerging
Pudukkottai,Tamil Nadu,2,23.72,1095.16,803.99,11.29,11.57,83.71,52.2,64.28,12.18,77.92,91.64,100.0,83.32,32.2,21.62,62.53,55.21,42.01,72.91,,mid,emerging
Sivaganga,Tamil Nadu,3,21.76,1223.33,1126.82,9.58,4.47,88.03,59.92,66.05,7.03,72.64,90.89,100.0,-89.43,27.62,28.37,51.52,74.39,75.15,67.72,,mid,emerging
Madurai,Tamil Nadu,3,19.92,1079.13,814.62,3.95,11.46,87.3,58.55,68.44,8.72,69.97,89.47,100.0,-88.81,32.39,21.51,47.99,80.05,91.18,66.29,,mid,emerging
Theni,Tamil Nadu,3,23.77,1168.4,1056.58,13.52,16.04,86.94,56.93,67.1,7.32,88.79,98.65,100.0,95.18,20.22,18.83,41.16,74.43,89.94,67.35,,mid,emerging
Virudhunagar,Tamil Nadu,3,21.36,1109.45,729.68,3.56,15.47,85.25,53.52,66.29,6.37,64.99,83.4,97.77,-76.68,29.22,23.67,56.88,59.78,90.51,51.27,,mid,emerging
Ramanathapuram,Tamil Nadu,3,24.41,1146.99,787.09,5.95,14.71,86.06,53.73,68.08,7.92,82.93,88.22,99.63,90.35,26.43,21.62,53.55,78.62,82.73,69.74,,mid,emerging
Thoothukkudi,Tamil Nadu,3,20.89,1110.83,733.54,0.94,8.88,90.28,59.52,63.76,8.09,59.19,80.66,100.0,-100.0,20.34,20.95,55.93,79.42,90.67,57.78,,mid,emerging
Tirunelveli,Tamil Nadu,3,22.05,1109.06,938.86,4.32,10.69,87.34,54.18,64.37,7.12,84.54,84.97,100.0,-93.25,29.39,22.71,51.02,79.78,87.86,61.27,,mid,emerging
Kanniyakumari,Tamil Nadu,3,20.79,1121.33,880.11,3.99,4.32,97.99,77.1,66.56,4.87,65.64,84.21,100.0,-96.04,17.31,14.45,45.55,96.18,74.38,64.1,,mid,emerging
Dharmapuri,Tamil Nadu,3,23.78,1191.83,1051.91,6.41,16.74,80.58,54.41,68.03,8.52,78.37,94.49,99.59,90.6,28.71,23.21,42.5,72.35,82.47,75.45,,mid,emerging
Krishnagiri,Tamil Nadu,3,24.21,1053.05,856.92,9.53,20.29,79.86,53.86,67.69,4.89,84.48,93.12,99.6,87.29,29.03,19.32,43.96,75.94,86.0,73.58,,mid,emerging
Coimbatore,Tamil Nadu,3,19.25,1061.15,951.63,10.3,19.75,90.57,62.8,61.97,9.1,72.56,89.99,100.0,-94.51,23.0,18.48,48.85,78.45,95.45,60.99,,mid,emerging
Adilabad,Telangana,2,24.81,991.99,784.72,7.83,21.41,64.84,41.04,54.13,10.12,89.7,74.78,94.11,69.29,45.73,52.0,61.1,50.84,81.59,63.62,,mid,emerging
Bhadradri Kothagudem,Telangana,2,19.51,1081.65,816.74,13.01,20.8,68.71,41.78,74.04,3.78,92.75,70.13,97.37,80.41,28.41,25.25,68.71,75.33,89.16,59.37,,mid,emerging
Hyderabad,Telangana,3,22.98,959.0,844.13,2.2,10.62,83.55,63.16,70.01,6.07,87.94,69.93,98.32,-73.76,30.41,18.91,52.65,84.43,99.54,48.9,,mid,emerging
Jagitial,Telangana,3,24.05,1219.33,955.26,3.06,28.43,62.39,43.46,56.48,13.39,94.64,81.85,94.43,-77.68,29.85,32.29,56.32,76.49,94.72,59.22,,mid,emerging
Jangoan,Telangana,3,19.12,1066.22,1089.08,6.5,20.33,65.51,44.04,70.4,4.56,89.69,65.41,99.56,-84.22,33.4,30.89,57.45,84.34,91.09,71.68,,mid,emerging
Jayashankar Bhupalapally,Telangana,2,18.53,1078.93,902.5,13.16,24.86,58.92,36.33,64.34,6.99,94.57,72.72,99.49,-87.9,32.45,36.67,65.88,65.58,90.31,71.47,,mid,emerging
Jogulamba Gadwal,Telangana,2,26.82,1036.52,852.63,15.85,34.6,45.04,27.41,74.85,2.62,88.29,72.91,94.15,86.85,49.7,41.73,64.55,73.73,86.1,61.75,,mid,emerging
Kamareddy,Telangana,2,23.43,1103.84,869.62,1.11,30.81,58.56,35.62,56.83,9.79,87.49,79.5,97.05,75.54,33.36,43.94,58.93,68.18,82.3,66.5,,mid,emerging
Karimnagar,Telangana,3,20.07,1065.04,932.93,7.57,11.87,70.26,50.8,56.44,9.99,92.25,69.64,98.36,-73.39,30.26,27.49,61.07,78.83,94.87,58.57,,mid,emerging
Khammam,Telangana,3,18.97,1060.75,905.4,10.92,34.97,66.3,40.88,76.22,3.32,84.89,76.25,97.92,-86.57,22.15,26.23,62.36,84.48,97.11,60.36,,mid,emerging
Komaram Bheem Asifabad,Telangana,2,23.65,1024.43,916.98,4.58,25.03,51.67,28.73,49.13,6.76,80.04,68.81,82.03,76.16,38.05,41.09,67.28,54.03,85.76,63.55,,mid,emerging
Mahabubabad,Telangana,2,21.81,1066.73,885.07,6.63,28.29,58.04,34.7,74.73,4.69,87.77,67.74,97.65,-76.13,32.98,26.31,62.76,68.55,86.58,69.26,,mid,emerging
Mahabubnagar,Telangana,2,27.79,1035.06,788.53,9.15,23.4,59.59,40.35,70.12,2.73,86.23,62.6,98.1,89.39,42.63,32.99,54.69,73.72,85.89,70.27,,mid,emerging
Mancherial,Telangana,3,19.45,1065.03,909.1,3.68,13.98,69.45,48.75,55.28,11.26,86.65,64.7,90.07,-76.03,25.88,27.39,56.67,78.14,93.05,64.4,,mid,emerging
Medak,Telangana,2,23.43,1051.19,847.92,6.54,31.81,57.71,39.33,55.72,7.39,78.94,68.52,98.87,-69.31,36.35,41.99,54.44,78.16,80.13,61.19,,mid,emerging
Medchal-Malkajgiri,Telangana,3,23.14,995.75,827.98,3.08,10.17,79.52,59.33,72.42,3.72,89.38,69.62,98.26,-76.11,33.36,25.04,56.77,86.17,98.99,53.75,,mid,emerging
Nagarkurnool,Telangana,2,23.79,1065.5,770.76,5.25,32.12,57.09,35.97,76.52,3.89,92.37,75.13,98.02,81.09,35.12,30.9,54.02,73.15,87.32,68.61,,mid,emerging
Nalgonda,Telangana,3,23.88,1016.58,883.18,6.0,28.16,62.6,40.9,77.16,2.04,90.45,65.72,98.27,-78.27,31.67,27.97,54.34,76.36,94.6,64.79,,mid,emerging
Nirmal,Telangana,2,22.68,1170.6,1137.5,9.64,23.34,58.58,40.91,58.49,6.7,85.22,69.65,96.65,-75.34,31.67,33.36,57.69,63.63,88.83,49.93,,mid,emerging
Nizamabad,Telangana,2,23.66,1132.1,941.03,3.84,23.71,63.07,42.44,56.83,9.38,87.9,78.53,97.3,86.11,30.49,38.41,56.96,72.54,92.36,52.31,,mid,emerging
Peddapalli,Telangana,3,18.13,1027.61,913.06,4.62,13.57,73.7,46.63,64.76,8.32,83.52,77.88,96.47,-73.14,27.48,33.09,64.56,77.81,96.58,59.14,,mid,emerging
Rajanna Sircilla,Telangana,3,21.25,1167.41,1115.29,3.04,13.24,64.7,46.35,59.27,9.86,90.35,67.06,97.55,84.1,22.42,26.07,55.99,77.42,96.63,62.81,,mid,emerging
Ranga Reddy,Telangana,3,24.06,1022.3,963.97,5.15,29.03,72.13,51.44,69.69,4.78,95.51,75.09,97.17,85.76,37.77,29.47,53.24,81.1,97.0,58.29,,mid,emerging
Sangareddy,Telangana,2,24.52,1052.87,1038.96,4.38,30.6,63.63,41.47,61.68,8.48,82.78,66.38,92.96,78.49,32.85,35.06,48.34,68.01,81.06,58.14,,mid,emerging
Siddipet,Telangana,3,22.03,1061.68,975.69,0.98,19.01,70.96,51.3,59.4,9.56,86.12,62.62,99.65,-63.05,28.06,29.57,56.69,84.14,93.15,60.93,,mid,emerging
Suryapet,Telangana,3,18.86,1031.67,979.86,6.18,29.47,63.48,42.53,77.93,4.03,92.72,70.42,95.94,-70.37,29.14,30.05,57.48,77.94,94.54,63.13,,mid,emerging
Vikarabad,Telangana,2,24.86,998.31,774.64,9.96,39.76,59.32,38.34,69.75,4.6,77.97,54.82,95.01,86.21,32.12,37.12,61.0,66.72,75.98,59.56,,mid,emerging
Wanaparthy,Telangana,2,24.75,1018.45,987.18,4.73,32.6,52.05,37.01,75.68,3.55,91.35,62.77,98.95,-86.95,40.42,33.22,58.67,75.86,88.88,70.14,,mid,emerging
Warangal Rural,Telangana,2,17.25,1070.14,697.63,12.87,22.85,60.14,39.98,57.5,9.35,86.8,70.42,100.0,-79.0,36.13,37.94,59.32,74.34,87.77,71.98,,mid,emerging
Warangal Urban,Telangana,3,20.2,1086.94,829.37,4.29,22.67,76.91,57.16,64.38,8.88,88.38,71.31,99.7,-70.09,29.54,36.02,57.85,81.2,94.55,61.99,,mid,emerging
Yadadri Bhuvanagiri,Telangana,3,23.04,1071.12,953.53,1.65,21.58,68.38,47.95,74.96,4.97,92.12,67.23,97.68,76.71,38.28,27.22,53.78,81.94,94.87,65.25,,mid,emerging
Dhalai,Tripura,1,27.16,1034.03,1160.17,26.91,38.89,71.63,13.87,53.29,3.99,58.07,52.02,87.26,73.72,45.74,27.62,69.99,67.56,33.95,44.2,,mid,low
Gomati,Tripura,2,24.15,1011.39,1042.79,24.37,42.75,77.15,22.77,48.7,12.14,54.01,40.63,93.2,-67.05,22.67,29.02,62.25,77.44,47.71,29.94,,mid,emerging
Khowai,Tripura,2,23.53,1058.71,959.03,24.27,28.28,80.46,18.87,49.86,4.12,57.17,41.5,95.72,-60.65,47.01,24.73,63.73,67.79,41.48,44.14,,mid,emerging
North Tripura,Tripura,2,26.2,1040.17,913.2,11.94,34.19,83.12,23.68,54.35,6.05,75.46,67.1,85.36,69.59,26.24,32.15,69.25,74.13,41.6,28.65,,mid,emerging
Sepahijala,Tripura,1,23.43,1021.45,929.7,26.55,51.92,79.61,21.73,44.18,15.34,61.93,52.78,87.73,-70.3,34.54,20.99,69.39,75.38,37.11,31.6,,mid,low
South Tripura,Tripura,1,24.51,1053.88,1135.65,23.1,46.23,80.25,21.64,40.31,17.26,54.2,58.42,89.72,-48.45,25.53,21.64,66.51,68.61,29.44,37.28,,mid,low
Unakoti,Tripura,1,27.41,1079.1,1036.36,21.15,37.97,76.35,18.7,40.18,9.7,40.98,24.59,71.5,58.26,31.77,31.97,67.86,61.75,29.19,28.01,,mid,low
West Tripura,Tripura,2,20.15,936.77,1047.64,20.24,37.11,86.19,30.9,53.85,2.49,78.71,61.22,95.27,-88.41,30.3,21.18,67.25,80.21,65.16,28.12,,mid,emerging
Saharanpur,Uttar Pradesh,0,28.51,984.27,1022.28,1.33,7.01,73.79,38.23,48.85,4.34,78.72,52.44,81.65,89.16,28.82,26.73,41.38,83.8,56.58,11.79,,mid,emerging
Bijnor,Uttar Pradesh,0,30.74,1059.01,950.71,1.15,5.18,74.11,39.66,47.3,5.01,68.71,48.8,83.69,90.56,36.16,21.87,45.96,78.21,45.8,18.82,,mid,emerging
Rampur,Uttar Pradesh,0,31.08,1021.86,968.28,3.54,10.45,59.33,26.87,29.98,12.0,73.76,50.36,81.01,79.39,40.35,32.12,55.44,79.01,46.18,13.07,,mid,emerging
Jyotiba Phule Nagar,Uttar Pradesh,0,32.53,1000.74,860.1,4.02,11.63,64.39,35.39,45.31,6.84,70.44,43.87,81.06,72.9,42.24,35.43,47.56,78.85,45.43,8.3,,mid,emerging
Meerut,Uttar Pradesh,0,30.32,967.07,925.79,2.41,7.55,80.17,47.32,48.83,5.63,73.37,49.87,80.61,82.49,32.1,23.65,45.46,82.65,68.47,18.38,,mid,emerging
Baghpat,Uttar Pradesh,0,29.78,937.66,818.4,2.67,8.08,78.13,43.97,45.22,5.15,79.39,42.36,80.86,83.87,25.49,25.97,53.3,87.01,51.47,12.45,,mid,emerging
Gautam Buddha Nagar,Uttar Pradesh,3,28.52,896.91,735.05,2.12,13.51,80.6,51.89,55.89,5.31,75.32,52.74,86.58,68.22,25.48,21.91,59.43,74.01,75.04,23.76,,mid,emerging
Bulandshahr,Uttar Pradesh,0,31.31,978.71,840.95,5.52,12.84,72.11,37.75,40.37,5.05,78.28,47.61,83.5,67.29,37.64,26.47,52.01,81.45,48.4,20.53,,mid,emerging
Aligarh,Uttar Pradesh,0,32.1,1030.99,1030.28,4.5,15.84,68.71,37.48,39.67,6.39,69.49,44.68,82.58,70.06,35.04,26.27,56.51,69.39,51.42,17.61,,mid,emerging
Mahamaya Nagar,Uttar Pradesh,0,31.89,1029.3,988.56,5.65,28.09,68.66,39.06,37.51,13.81,49.08,27.8,80.31,71.55,39.08,24.54,58.24,73.27,46.45,10.91,,mid,emerging
Mathura,Uttar Pradesh,0,32.68,934.52,930.04,6.37,21.29,67.93,34.66,43.12,12.88,59.27,39.3,79.48,73.59,31.58,21.29,63.01,71.22,47.34,10.77,,mid,emerging
Agra,Uttar Pradesh,0,30.47,951.72,901.72,3.54,17.92,64.97,36.14,47.08,8.96,62.06,42.65,89.08,74.06,35.85,26.17,59.44,70.78,67.51,9.4,,mid,emerging
Firozabad,Uttar Pradesh,0,31.89,950.31,870.87,3.6,24.75,74.35,42.44,34.63,9.19,58.29,39.25,80.07,67.14,46.91,25.58,57.08,69.01,53.5,13.4,,mid,emerging
Mainpuri,Uttar Pradesh,0,30.86,1015.93,837.36,3.98,16.04,78.35,45.78,46.39,4.44,63.65,38.13,82.65,74.98,44.26,33.59,57.78,63.1,39.79,16.13,,mid,emerging
Bareilly,Uttar Pradesh,1,31.28,964.87,1084.39,5.63,11.36,54.71,22.07,43.47,5.88,72.17,43.05,75.05,70.45,45.87,35.24,60.8,79.71,54.56,18.67,,mid,low
Pilibhit,Uttar Pradesh,2,29.59,921.6,813.73,4.57,16.23,59.31,28.47,45.53,4.86,67.49,43.58,76.19,92.27,38.86,39.42,52.0,76.81,48.05,21.4,,mid,emerging
Shahjahanpur,Uttar Pradesh,1,34.4,976.88,1063.79,4.59,20.93,59.47,27.73,46.41,6.4,61.38,35.32,63.25,76.5,44.48,34.73,60.32,69.21,40.4,14.24,,mid,low
Kheri,Uttar Pradesh,1,32.44,998.04,900.96,3.56,19.71,61.99,28.71,37.85,16.1,53.9,47.98,82.77,69.49,47.59,36.29,52.95,65.61,35.91,22.01,,mid,low
Sitapur,Uttar Pradesh,1,33.61,969.63,1010.77,3.43,20.76,59.16,23.9,36.52,17.91,66.82,35.39,84.81,65.94,47.8,37.86,55.29,52.51,31.48,23.22,,mid,low
Hardoi,Uttar Pradesh,1,32.38,975.14,1096.87,2.75,19.32,59.3,26.47,46.17,13.43,67.96,39.68,73.93,63.27,44.54,32.95,59.67,55.72,28.97,16.03,,mid,low
Unnao,Uttar Pradesh,0,28.14,992.73,959.55,2.24,18.94,68.18,36.99,46.23,19.14,44.73,19.76,80.84,58.57,39.17,29.25,48.92,60.29,43.44,15.33,,mid,emerging
Lucknow,Uttar Pradesh,0,23.47,949.66,981.39,2.08,9.9,79.8,51.87,40.16,15.66,74.8,53.08,91.32,68.89,32.09,25.53,55.76,80.43,78.26,15.76,,mid,emerging
Farrukhabad,Uttar Pradesh,1,32.66,972.25,789.17,4.07,18.78,65.09,33.33,40.01,7.72,71.42,41.5,69.29,68.54,47.81,31.13,56.94,72.63,45.5,13.48,,mid,low
Kannauj,Uttar Pradesh,2,32.72,1002.89,1037.81,1.34,10.36,68.25,37.31,60.31,7.22,65.63,46.44,76.41,55.84,42.99,33.51,65.21,70.1,35.47,15.32,,mid,emerging
Etawah,Uttar Pradesh,0,29.41,967.74,799.2,2.17,16.26,79.66,45.68,48.86,8.25,67.94,43.71,85.21,77.67,38.77,24.33,57.38,78.05,48.63,17.94,,mid,emerging
Auraiya,Uttar Pradesh,0,29.26,1020.97,879.79,4.86,18.09,79.26,46.2,32.31,18.66,72.17,50.37,90.11,82.51,39.74,32.58,39.13,74.3,33.69,18.44,,mid,emerging
Kanpur Dehat,Uttar Pradesh,0,27.85,974.11,1027.01,1.92,12.66,75.56,45.41,41.59,15.0,66.78,54.4,84.3,56.32,44.09,32.82,54.85,70.59,39.26,17.92,,mid,emerging
Kanpur Nagar,Uttar Pradesh,3,24.47,925.16,815.91,3.41,10.92,82.7,58.51,57.4,6.75,78.39,69.85,86.61,72.79,34.6,27.75,57.03,77.51,76.86,16.12,,mid,emerging
Jalaun,Uttar Pradesh,0,26.01,937.19,796.82,2.2,16.86,70.98,38.9,50.48,13.48,67.85,62.84,85.13,66.23,45.1,36.07,44.23,80.17,36.45,17.6,,mid,emerging
Jhansi,Uttar Pradesh,0,24.73,946.43,926.98,3.47,25.05,72.45,43.26,53.62,13.75,70.3,36.6,92.89,44.5,40.93,39.28,41.33,73.18,51.91,11.37,,mid,emerging
Lalitpur,Uttar Pradesh,1,31.7,997.02,998.23,9.41,42.5,61.33,23.78,65.73,7.36,65.74,45.7,90.79,70.77,46.61,34.84,38.07,64.19,20.32,11.74,,mid,low
Hamirpur,Uttar Pradesh,0,28.22,1003.02,881.81,1.39,10.48,73.23,37.61,47.47,14.4,77.72,43.24,96.28,77.13,48.02,36.28,46.11,77.7,29.0,21.91,,mid,emerging
Mahoba,Uttar Pradesh,0,28.37,972.37,1056.17,3.95,20.75,69.65,30.69,52.04,16.56,76.04,46.24,96.32,70.68,42.28,33.42,49.37,68.95,28.17,16.23,,mid,emerging
Banda,Uttar Pradesh,1,30.63,956.31,971.2,2.52,18.98,62.61,27.08,45.6,15.28,66.93,39.02,89.78,62.88,50.98,49.8,52.22,59.29,26.82,13.25,,mid,low
Chitrakoot,Uttar Pradesh,1,31.26,949.99,889.41,3.54,21.82,62.11,30.17,49.03,12.69,53.68,30.25,81.06,63.69,47.45,41.78,46.57,56.65,31.17,17.36,,mid,low
Fatehpur,Uttar Pradesh,1,29.03,1034.86,890.28,3.28,10.4,66.45,37.27,57.96,9.66,56.33,38.09,81.36,55.68,51.06,37.97,62.98,63.1,38.85,16.83,,mid,low
Pratapgarh,Uttar Pradesh,0,29.03,1229.37,1034.37,0.74,10.98,77.73,49.69,33.59,21.91,57.2,30.62,90.82,74.97,35.47,27.71,48.9,52.01,37.12,14.9,,mid,emerging
Kaushambi,Uttar Pradesh,1,34.89,1068.59,971.76,2.9,17.55,61.99,31.93,38.28,12.52,72.22,34.04,88.64,65.71,40.2,36.79,54.38,59.6,37.03,20.16,,mid,low
Allahabad,Uttar Pradesh,0,31.54,1083.06,1191.08,1.98,13.81,70.84,47.56,45.57,11.88,58.27,45.88,83.19,55.84,37.87,32.63,46.38,59.5,45.05,20.55,,mid,emerging
Bara Banki,Uttar Pradesh,1,32.61,1073.98,950.97,3.4,20.4,61.13,29.5,38.29,21.44,43.28,22.56,75.98,64.41,41.89,31.9,55.27,62.4,47.77,14.63,,mid,low
Faizabad,Uttar Pradesh,0,29.06,1049.25,885.49,1.97,7.61,77.7,48.99,21.01,25.9,48.37,33.76,89.11,68.66,30.62,27.52,52.31,64.4,41.32,19.81,,mid,emerging
Ambedkar Nagar,Uttar Pradesh,0,29.15,1096.59,818.14,0.0,5.48,78.51,52.95,20.66,22.85,61.14,44.47,92.17,75.07,31.05,29.18,52.7,63.55,32.2,23.0,,mid,emerging
Bahraich,Uttar Pradesh,1,41.02,1012.24,848.1,8.37,37.48,41.64,14.43,33.39,27.58,40.18,34.27,67.67,51.77,52.11,38.04,48.81,44.16,38.2,10.11,,mid,low
Shrawasti,Uttar Pradesh,1,40.15,1036.53,971.05,5.26,51.9,40.75,15.93,35.6,20.13,42.17,42.35,80.42,59.61,50.93,40.76,44.41,58.1,36.94,13.49,,mid,low
Balrampur,Uttar Pradesh,1,38.92,1074.88,1034.04,4.12,35.03,44.94,16.8,39.42,22.28,55.21,40.97,69.71,57.37,41.15,37.16,53.7,59.65,39.61,12.99,,mid,low
Gonda,Uttar Pradesh,1,32.43,1077.62,895.94,4.15,25.38,60.39,31.46,37.12,24.47,44.39,41.68,81.77,59.94,45.9,28.0,49.31,44.57,56.17,13.37,,mid,low
Siddharthnagar,Uttar Pradesh,1,40.97,1176.96,851.68,3.67,33.85,49.14,16.99,52.49,14.38,62.8,60.86,69.74,65.12,37.17,36.32,51.17,42.81,50.55,12.17,,mid,low
Basti,Uttar Pradesh,0,31.74,1098.17,895.08,1.04,15.94,65.27,40.92,53.77,11.12,45.04,31.46,93.18,73.81,35.88,39.17,39.9,64.15,57.01,15.84,,mid,emerging
Sant Kabir Nagar,Uttar Pradesh,0,34.59,1185.48,835.38,1.85,16.78,62.7,34.77,48.51,13.02,62.1,43.22,90.59,80.15,42.26,34.21,43.45,65.12,58.09,20.38,,mid,emerging
Mahrajganj,Uttar Pradesh,1,32.37,1115.97,933.08,3.56,24.05,64.13,33.78,49.55,13.73,55.49,52.52,93.26,76.15,40.46,37.38,47.07,66.73,65.06,18.16,,mid,low
Gorakhpur,Uttar Pradesh,0,30.53,1089.38,942.67,2.4,14.56,70.14,42.81,48.89,14.65,63.93,56.32,91.59,67.7,29.59,33.65,52.89,69.63,66.8,17.94,,mid,emerging
Kushinagar,Uttar Pradesh,0,34.9,1145.48,1079.5,2.6,17.69,64.41,34.09,48.45,14.51,44.37,35.79,89.43,65.41,32.18,36.6,42.29,73.08,55.19,15.63,,mid,emerging
Deoria,Uttar Pradesh,0,30.28,1046.0,1001.81,2.07,13.7,73.7,50.37,45.92,20.44,55.9,42.45,93.42,64.22,36.77,39.37,33.83,69.09,67.2,10.51,,mid,emerging
Azamgarh,Uttar Pradesh,0,29.34,1140.81,838.87,0.33,11.97,78.9,52.6,31.37,20.73,53.67,38.48,93.23,64.46,33.38,27.96,54.29,72.76,37.57,9.0,,mid,emerging
Mau,Uttar Pradesh,0,27.17,989.14,938.35,0.32,11.03,74.44,53.13,38.99,16.83,64.37,43.2,94.74,59.08,25.42,30.25,44.28,75.09,54.15,15.97,,mid,emerging
Ballia,Uttar Pradesh,0,29.02,1008.55,1062.18,1.7,9.92,73.3,50.11,41.92,20.22,64.0,30.52,89.96,62.22,43.8,42.49,52.24,61.66,53.79,10.59,,mid,emerging
Jaunpur,Uttar Pradesh,0,29.33,1065.74,898.28,0.59,11.77,77.28,52.67,55.16,16.21,47.87,47.58,88.77,75.12,40.52,30.33,34.0,62.62,55.24,12.02,,mid,emerging
Ghazipur,Uttar Pradesh,0,29.61,1052.7,971.89,1.85,13.52,75.84,51.43,51.2,13.36,58.1,29.22,88.32,60.82,39.31,38.27,45.68,64.05,39.31,10.64,,mid,emerging
Chandauli,Uttar Pradesh,0,30.51,985.59,877.31,2.13,17.23,73.85,47.16,48.71,15.37,69.32,32.91,86.24,70.58,39.48,29.94,48.69,66.7,42.34,28.05,,mid,emerging
Varanasi,Uttar Pradesh,0,27.31,951.36,885.28,0.0,10.36,80.61,55.02,60.93,8.67,74.3,51.4,95.17,79.28,37.38,39.02,37.6,83.19,71.53,12.78,,mid,emerging
Sant Ravidas Nagar (Bhadohi),Uttar Pradesh,0,33.68,1081.69,838.9,1.7,19.61,72.57,46.45,40.17,22.37,53.64,25.78,90.3,62.16,42.71,26.51,43.79,68.76,39.91,18.81,,mid,emerging
Mirzapur,Uttar Pradesh,0,31.88,1002.61,812.39,2.43,16.61,73.39,43.79,53.29,14.53,55.67,36.51,91.09,68.27,43.4,27.59,42.05,72.33,42.51,15.0,,mid,emerging
Sonbhadra,Uttar Pradesh,1,31.79,994.9,974.34,6.93,17.68,64.8,35.69,53.56,11.61,63.59,36.38,76.76,72.69,38.26,46.49,44.54,70.56,30.44,19.66,,mid,low
Etah,Uttar Pradesh,1,33.15,1047.06,1003.78,4.29,20.08,70.8,38.77,39.73,6.99,54.12,33.6,76.69,55.49,48.77,30.59,55.41,62.72,39.62,12.78,,mid,low
Kanshiram Nagar,Uttar Pradesh,1,35.51,1039.54,997.44,7.55,23.16,60.6,29.66,31.32,11.82,61.24,38.09,74.81,69.19,45.11,35.53,64.59,69.78,36.63,15.08,,mid,low
Amethi,Uttar Pradesh,0,32.12,1169.62,843.61,1.91,14.87,67.28,34.55,30.45,19.88,72.56,31.69,90.76,75.88,35.8,33.09,46.12,60.9,26.39,20.91,,mid,emerging
Budaun,Uttar Pradesh,1,35.34,933.36,869.84,6.95,22.85,52.39,21.56,42.01,4.27,58.45,40.57,72.31,69.52,51.79,43.02,55.31,69.66,39.84,13.55,,mid,low
Ghaziabad,Uttar Pradesh,3,24.89,930.39,1182.1,0.61,8.03,81.78,55.23,51.14,5.32,77.24,62.0,86.44,68.51,28.15,23.35,55.15,84.51,92.4,20.0,,mid,emerging
Hapur,Uttar Pradesh,0,31.38,917.47,784.88,0.81,7.12,75.29,43.53,47.58,4.75,80.1,53.31,83.33,84.43,30.23,26.93,50.59,85.61,67.99,14.85,,mid,emerging
Moradabad,Uttar Pradesh,0,29.38,1001.91,1022.05,1.53,9.6,69.41,42.58,47.68,6.9,73.72,33.15,80.26,84.5,34.69,27.0,44.93,78.99,58.28,17.07,,mid,emerging
Muzaffarnagar,Uttar Pradesh,0,30.36,956.97,865.47,0.95,7.28,73.41,41.83,44.86,4.97,75.54,44.02,86.99,69.51,29.76,29.86,45.99,80.12,59.76,8.2,,mid,emerging
Rae Bareli,Uttar Pradesh,0,30.42,1102.18,870.78,1.29,14.34,66.45,36.13,55.81,12.43,58.75,43.57,89.51,71.41,47.02,28.83,48.2,54.96,39.41,16.84,,mid,emerging
Sambhal,Uttar Pradesh,1,35.47,1019.12,939.59,4.32,21.13,52.57,24.14,40.14,8.48,60.78,32.87,74.24,83.04,51.59,29.82,51.25,72.82,38.16,13.72,,mid,low
Shamli,Uttar Pradesh,0,31.26,988.68,1028.56,2.33,10.84,65.82,32.6,45.64,5.55,82.67,40.98,78.29,91.08,28.62,27.49,41.68,83.32,53.58,14.75,,mid,emerging
Sultanpur,Uttar Pradesh,0,31.43,1151.21,996.74,1.11,7.94,74.94,46.58,24.33,23.93,59.61,47.0,86.96,80.24,33.4,28.29,50.2,65.08,33.68,20.65,,mid,emerging
Uttarkashi,Uttarakhand,2,24.95,1023.55,868.74,4.75,5.71,81.23,53.58,60.23,7.66,77.09,66.81,85.87,81.78,34.08,23.52,60.94,75.73,32.56,80.29,,mid,emerging
Chamoli,Uttarakhand,0,26.09,1087.25,1026.06,2.95,3.38,90.45,58.95,64.03,9.29,58.59,52.22,73.94,85.01,34.06,21.62,41.75,87.59,37.44,71.12,,mid,emerging
Rudraprayag,Uttarakhand,3,25.02,1242.27,958.26,1.76,8.58,87.17,56.36,61.31,12.23,74.2,76.51,86.62,91.44,25.15,10.88,40.55,86.82,35.07,76.64,,mid,emerging
Tehri Garhwal,Uttarakhand,0,25.73,1235.96,865.87,1.74,6.27,75.54,50.79,52.36,13.75,62.34,48.89,82.15,83.0,29.3,20.72,42.22,84.57,34.88,71.17,,mid,emerging
Dehradun,Uttarakhand,3,23.09,914.91,822.94,0.41,6.63,87.59,62.59,59.13,6.51,83.53,75.26,91.73,-76.02,20.92,19.09,47.85,83.92,88.79,67.31,,mid,emerging
Garhwal,Uttarakhand,0,23.01,1166.04,1064.73,1.32,8.62,85.83,56.18,63.99,9.9,49.03,39.62,76.02,-75.96,29.97,18.76,40.3,83.3,48.13,62.66,,mid,emerging
Pithoragarh,Uttarakhand,0,22.17,1043.11,910.94,3.65,16.16,89.1,55.48,63.63,11.25,68.7,58.71,84.89,96.02,25.64,20.63,25.53,84.46,45.91,72.84,,mid,emerging
Bageshwar,Uttarakhand,3,24.6,1173.73,940.48,1.66,12.85,87.78,52.22,66.41,8.42,63.84,67.93,82.01,-86.88,23.57,11.87,27.76,88.47,34.59,71.93,,mid,emerging
Almora,Uttarakhand,0,23.16,1330.9,1443.53,1.66,1.48,88.02,48.03,70.47,6.35,52.34,44.33,80.1,-85.13,26.01,22.87,33.44,89.23,35.85,65.98,,mid,emerging
Champawat,Uttarakhand,0,27.58,1111.82,926.42,1.85,11.68,84.73,50.99,57.67,10.35,72.27,62.03,79.84,91.89,24.9,15.29,32.5,82.68,39.81,65.67,,mid,emerging
Nainital,Uttarakhand,3,25.79,1014.37,1135.55,2.03,11.26,85.4,55.2,64.43,6.48,69.98,59.74,81.23,74.05,23.15,14.84,34.53,82.4,71.56,60.79,,mid,emerging
Udham Singh Nagar,Uttarakhand,2,27.87,956.8,1021.89,5.15,14.59,72.26,41.11,51.85,7.18,77.28,75.92,85.14,83.19,26.8,22.04,51.01,70.88,63.99,59.03,,mid,emerging
Hardwar,Uttarakhand,0,31.04,945.6,985.14,2.28,9.88,76.39,40.29,50.93,11.81,57.35,48.46,79.84,76.51,31.07,27.03,43.77,69.82,61.53,46.64,,mid,emerging
Darjiling,West Bengal,3,20.69,1029.32,1058.56,6.33,21.15,76.99,41.28,67.01,5.86,84.96,79.18,98.35,94.2,34.27,31.57,59.17,83.03,68.79,26.31,,mid,emerging
Jalpaiguri,West Bengal,2,22.61,1037.78,1098.76,11.77,18.69,73.6,33.92,70.11,4.02,77.48,88.39,95.84,87.87,28.89,25.42,71.42,73.17,42.7,35.78,,mid,emerging
Koch Bihar,West Bengal,2,24.98,1057.73,958.85,27.26,46.74,79.18,26.67,67.67,4.55,71.29,77.34,93.03,94.15,28.67,22.45,74.76,75.71,25.68,35.95,,mid,emerging
Uttar Dinajpur,West Bengal,2,29.22,1092.72,1154.72,12.71,30.34,65.35,29.32,60.93,4.35,76.55,70.08,76.89,84.4,44.76,32.03,72.42,63.78,27.21,20.96,,mid,emerging
Dakshin Dinajpur,West Bengal,2,23.36,1106.27,1067.27,18.15,45.6,74.31,30.47,58.98,6.13,70.85,76.37,91.4,92.55,31.93,30.16,82.04,79.03,28.7,28.25,,mid,emerging
Maldah,West Bengal,1,30.15,1061.79,942.23,18.92,49.08,72.25,30.02,54.65,9.21,77.75,82.75,87.68,87.2,40.54,35.3,73.6,61.98,29.6,28.96,,mid,low
Murshidabad,West Bengal,1,29.32,1102.84,1054.17,20.63,55.44,67.55,24.16,64.89,3.52,73.92,66.85,86.99,89.95,39.75,32.43,77.57,69.66,30.71,28.39,,mid,low
Birbhum,West Bengal,2,25.66,1033.15,934.02,24.97,49.89,70.79,25.76,73.85,4.84,81.85,78.38,90.31,81.55,36.99,41.8,77.71,55.04,28.13,37.67,,mid,emerging
Nadia,West Bengal,2,21.49,1070.93,981.63,15.13,39.94,76.15,28.25,49.32,12.93,61.08,71.15,97.73,-89.88,26.07,25.14,73.35,78.4,34.22,23.03,,mid,emerging
North Twenty Four Pargana,West Bengal,3,20.62,1013.26,888.64,11.54,33.57,85.53,40.69,60.99,4.4,72.72,89.91,97.46,-92.75,32.36,23.6,65.27,80.39,58.87,30.73,,mid,emerging
Hugli,West Bengal,2,19.9,1082.39,1024.52,13.17,40.78,77.4,36.96,61.27,6.99,75.96,72.24,96.95,-95.4,28.94,33.36,75.06,76.22,54.6,26.49,,mid,emerging
Bankura,West Bengal,2,22.56,1053.13,1001.57,16.04,45.72,68.3,27.93,51.85,11.97,74.71,75.66,93.28,-85.02,30.34,38.83,77.04,49.2,20.82,43.43,,mid,emerging
Puruliya,West Bengal,1,25.36,1064.8,859.99,12.0,37.01,60.95,26.87,41.31,16.11,59.07,57.77,89.76,84.66,36.91,46.33,76.7,29.24,23.17,35.58,,mid,low
Haora,West Bengal,3,21.19,1010.58,1061.68,9.4,30.4,80.48,40.07,68.41,3.16,84.78,82.71,95.54,-87.78,27.5,27.25,65.25,72.93,61.91,20.07,,mid,emerging
Kolkata,West Bengal,3,15.98,953.75,809.31,4.86,16.66,87.6,55.35,71.72,2.21,74.21,71.74,97.47,-80.16,29.63,32.91,58.18,60.87,91.71,21.08,,mid,emerging
South Twenty Four Pargana,West Bengal,2,25.49,1054.81,1099.04,13.09,41.91,85.59,34.94,67.89,3.74,77.08,87.5,91.04,91.66,36.7,32.15,61.62,70.08,36.19,36.72,,mid,emerging
Paschim Medinipur,West Bengal,1,23.43,1088.57,1005.04,24.99,55.69,70.85,26.19,55.58,11.52,52.62,63.09,87.58,76.93,31.07,39.99,81.49,58.33,17.46,25.75,,mid,low
Purba Medinipur,West Bengal,1,23.85,1031.4,777.38,22.04,57.61,77.0,30.87,48.08,12.29,69.33,56.81,91.48,88.37,25.77,30.59,70.39,69.78,17.01,21.53,,mid,low
Paschim Barddhaman,West Bengal,2,22.32,977.46,786.93,15.42,31.84,73.45,37.12,54.02,11.96,70.28,70.41,89.79,62.4,39.74,40.96,65.81,71.46,56.29,21.82,,mid,emerging
Purba Barddhaman,West Bengal,2,22.21,1067.12,877.1,21.85,50.35,73.19,27.32,58.51,8.58,72.5,80.5,95.95,97.2,32.67,31.63,77.86,64.15,32.05,37.18,,mid,emerging
